dataset,instance,n,m,alpha,best_of,avg_of,std_of,iters,fls_max_iter
Geo,Geo 100 1.txt,100,10,0.1,89.37009359869798,86.9580106420111,2.274830023327994,100,200
Geo,Geo 100 1.txt,100,10,0.2,89.37009359869798,86.88241237307179,2.123428542648774,100,200
Geo,Geo 100 1.txt,100,10,0.3,89.37009359869798,86.88394173968882,2.171972274847548,100,200
Geo,Geo 100 1.txt,100,10,0.4,89.37009359869798,87.05304959619235,2.1327361062911603,100,200
Geo,Geo 100 1.txt,100,10,0.5,89.37009359869798,87.29327174641267,2.0535293532023737,100,200
Geo,Geo 100 1.txt,100,10,0.6,89.37009359869798,86.8878685003451,2.413974410443854,100,200
Geo,Geo 100 1.txt,100,10,0.7,89.37009359869798,86.9627871117511,2.1544894902778506,100,200
Geo,Geo 100 1.txt,100,10,0.8,89.37009359869798,86.83343880907891,2.263987473604943,100,200
Geo,Geo 100 1.txt,100,10,0.9,89.37009359869798,87.08313501467596,2.1803267279948355,100,200
Geo,Geo 100 10.txt,100,10,0.1,163.6755990871439,161.71527017540225,0.8721730200129959,100,200
Geo,Geo 100 10.txt,100,10,0.2,163.6755990871439,161.75099331717448,0.7316531985464998,100,200
Geo,Geo 100 10.txt,100,10,0.3,163.6755990871439,161.74334374518804,0.8420569402286551,100,200
Geo,Geo 100 10.txt,100,10,0.4,163.6755990871439,161.7395255072397,0.9139879079126242,100,200
Geo,Geo 100 10.txt,100,10,0.5,163.6755990871439,161.6448259278608,1.0153554931339668,100,200
Geo,Geo 100 10.txt,100,10,0.6,163.6755990871439,161.70394760180295,0.7082275356025343,100,200
Geo,Geo 100 10.txt,100,10,0.7,163.6755990871439,161.79105744807757,0.8694437769881022,100,200
Geo,Geo 100 10.txt,100,10,0.8,163.6755990871439,161.71159096037837,0.7402338583381644,100,200
Geo,Geo 100 10.txt,100,10,0.9,163.6755990871439,161.7767004986316,1.1614365608810167,100,200
Geo,Geo 100 11.txt,100,10,0.1,133.95857445157253,130.76930377224315,2.9342808249296737,100,200
Geo,Geo 100 11.txt,100,10,0.2,133.95857445157253,130.65254370573774,2.9427390967229345,100,200
Geo,Geo 100 11.txt,100,10,0.3,133.95857445157253,130.08764530337345,3.2279440885054136,100,200
Geo,Geo 100 11.txt,100,10,0.4,133.95857445157253,130.48264815935303,3.063500365247743,100,200
Geo,Geo 100 11.txt,100,10,0.5,133.95857445157253,130.93543000607124,2.849997018405639,100,200
Geo,Geo 100 11.txt,100,10,0.6,133.95857445157253,131.174338491248,2.6322853738712264,100,200
Geo,Geo 100 11.txt,100,10,0.7,133.95857445157253,130.8627435220305,2.8752416906207325,100,200
Geo,Geo 100 11.txt,100,10,0.8,133.95857445157253,130.80559742887192,2.8763143345799826,100,200
Geo,Geo 100 11.txt,100,10,0.9,133.95857445157253,130.79814351564397,3.3257270913371304,100,200
Geo,Geo 100 12.txt,100,10,0.1,147.15436251439385,143.76414394655964,2.2932975312487476,100,200
Geo,Geo 100 12.txt,100,10,0.2,147.15436251439385,143.409456786301,2.279408344118812,100,200
Geo,Geo 100 12.txt,100,10,0.3,147.15436251439385,144.30270321000538,2.0403625771768366,100,200
Geo,Geo 100 12.txt,100,10,0.4,147.15436251439385,143.68888693746442,2.273363829166676,100,200
Geo,Geo 100 12.txt,100,10,0.5,147.15436251439385,143.86123546327147,2.1519744533351317,100,200
Geo,Geo 100 12.txt,100,10,0.6,147.15436251439385,144.0313313623723,2.1903728609674045,100,200
Geo,Geo 100 12.txt,100,10,0.7,147.15436251439385,143.64451646008618,2.457449850582583,100,200
Geo,Geo 100 12.txt,100,10,0.8,147.15436251439385,143.99877681506018,2.122570391054416,100,200
Geo,Geo 100 12.txt,100,10,0.9,147.15436251439385,143.86793081764333,2.2414282693855307,100,200
Geo,Geo 100 13.txt,100,10,0.1,55.362973957432196,52.91649372887315,2.0581603904113708,100,200
Geo,Geo 100 13.txt,100,10,0.2,55.362973957432196,53.182686367344225,1.867629777492281,100,200
Geo,Geo 100 13.txt,100,10,0.3,55.362973957432196,53.00972671859863,1.8896979382453156,100,200
Geo,Geo 100 13.txt,100,10,0.4,55.362973957432196,53.19135620160012,2.0748782732259934,100,200
Geo,Geo 100 13.txt,100,10,0.5,55.362973957432196,53.254701010590885,1.7054859802899935,100,200
Geo,Geo 100 13.txt,100,10,0.6,55.362973957432196,53.74437808444808,1.5841705121076173,100,200
Geo,Geo 100 13.txt,100,10,0.7,55.362973957432196,53.13480763239523,1.6671494380010712,100,200
Geo,Geo 100 13.txt,100,10,0.8,55.362973957432196,53.13678230775724,1.9026008133892929,100,200
Geo,Geo 100 13.txt,100,10,0.9,55.362973957432196,53.124477731146165,1.9081652014406134,100,200
Geo,Geo 100 14.txt,100,10,0.1,88.04261963928474,86.37427510319148,1.9623581615108159,100,200
Geo,Geo 100 14.txt,100,10,0.2,89.7323084135261,86.76955723736936,1.7824584713143174,100,200
Geo,Geo 100 14.txt,100,10,0.3,89.7323084135261,86.71480744967792,1.9880599415777462,100,200
Geo,Geo 100 14.txt,100,10,0.4,89.7323084135261,86.37845046600376,2.2684417669343806,100,200
Geo,Geo 100 14.txt,100,10,0.5,89.7323084135261,86.24010137465477,2.1876542052844887,100,200
Geo,Geo 100 14.txt,100,10,0.6,89.7323084135261,86.75445621607626,1.731634866550485,100,200
Geo,Geo 100 14.txt,100,10,0.7,89.7323084135261,86.7312825592088,1.8436617332462657,100,200
Geo,Geo 100 14.txt,100,10,0.8,89.7323084135261,86.83293434251047,1.9600354131862294,100,200
Geo,Geo 100 14.txt,100,10,0.9,89.7323084135261,86.69371420154481,1.8890736127015562,100,200
Geo,Geo 100 15.txt,100,10,0.1,174.2604185450584,171.65874281541545,1.9539481611230887,100,200
Geo,Geo 100 15.txt,100,10,0.2,174.2604185450584,172.08260033469185,1.851225950834288,100,200
Geo,Geo 100 15.txt,100,10,0.3,174.2604185450584,171.78516182704806,2.043808536526329,100,200
Geo,Geo 100 15.txt,100,10,0.4,174.2604185450584,171.95332897739038,2.077484985836919,100,200
Geo,Geo 100 15.txt,100,10,0.5,174.2604185450584,172.03987592409032,1.8985228291193836,100,200
Geo,Geo 100 15.txt,100,10,0.6,174.2604185450584,171.89589142049823,2.0780122489459187,100,200
Geo,Geo 100 15.txt,100,10,0.7,174.2604185450584,172.20857937663675,1.822684084566168,100,200
Geo,Geo 100 15.txt,100,10,0.8,174.2604185450584,172.22810282859734,2.0254424180822324,100,200
Geo,Geo 100 15.txt,100,10,0.9,174.2604185450584,172.10675227774692,2.0024334297903588,100,200
Geo,Geo 100 16.txt,100,10,0.1,155.70433791002012,154.17631135820318,1.6368880093220588,100,200
Geo,Geo 100 16.txt,100,10,0.2,155.70433791002012,153.877264116874,1.9046271907329966,100,200
Geo,Geo 100 16.txt,100,10,0.3,155.70433791002012,154.06216543262258,1.70220538098972,100,200
Geo,Geo 100 16.txt,100,10,0.4,155.70433791002012,153.95371697770992,1.7169476932600498,100,200
Geo,Geo 100 16.txt,100,10,0.5,155.70433791002012,153.64562746072295,1.825722624525476,100,200
Geo,Geo 100 16.txt,100,10,0.6,155.70433791002012,154.01888036444723,1.6117421033216655,100,200
Geo,Geo 100 16.txt,100,10,0.7,155.70433791002012,153.97088376632155,1.9385888153803361,100,200
Geo,Geo 100 16.txt,100,10,0.8,155.70433791002012,153.87291712996452,1.6626147124426773,100,200
Geo,Geo 100 16.txt,100,10,0.9,155.70433791002012,153.95865529343328,1.5736346185842238,100,200
Geo,Geo 100 17.txt,100,10,0.1,162.54234060680662,158.6829225445789,2.193603295013178,100,200
Geo,Geo 100 17.txt,100,10,0.2,162.54234060680662,158.8024401020738,2.154471249424314,100,200
Geo,Geo 100 17.txt,100,10,0.3,162.54234060680662,159.05231662801742,2.30914011753837,100,200
Geo,Geo 100 17.txt,100,10,0.4,162.54234060680662,158.9623913921637,2.406494586744679,100,200
Geo,Geo 100 17.txt,100,10,0.5,162.54234060680662,158.63388139658954,1.9775500061090734,100,200
Geo,Geo 100 17.txt,100,10,0.6,162.54234060680662,159.04568144556387,2.311553167345113,100,200
Geo,Geo 100 17.txt,100,10,0.7,162.54234060680662,158.9034196558525,2.222688709566874,100,200
Geo,Geo 100 17.txt,100,10,0.8,162.54234060680662,158.90680711211087,2.3491209663284076,100,200
Geo,Geo 100 17.txt,100,10,0.9,162.54234060680662,158.8142234627355,2.1052329394312133,100,200
Geo,Geo 100 18.txt,100,10,0.1,148.10587399288445,144.86990782324932,2.290304211307724,100,200
Geo,Geo 100 18.txt,100,10,0.2,148.10587399288445,145.34133531149388,2.267622412640589,100,200
Geo,Geo 100 18.txt,100,10,0.3,148.10587399288445,145.22125926280782,2.1838582138569738,100,200
Geo,Geo 100 18.txt,100,10,0.4,148.10587399288445,145.17232916956152,2.0834920913831443,100,200
Geo,Geo 100 18.txt,100,10,0.5,148.10587399288445,144.91143086100428,2.2016669883515103,100,200
Geo,Geo 100 18.txt,100,10,0.6,148.10587399288445,144.8506444608746,2.478320248799565,100,200
Geo,Geo 100 18.txt,100,10,0.7,148.10587399288445,145.120924401028,2.284249619662703,100,200
Geo,Geo 100 18.txt,100,10,0.8,148.10587399288445,144.97090119810792,2.2476514224216544,100,200
Geo,Geo 100 18.txt,100,10,0.9,148.10587399288445,144.80552441899727,2.24047917964415,100,200
Geo,Geo 100 1.txt,100,30,0.1,54.93139905753977,52.56268834477721,1.2258561845135316,100,200
Geo,Geo 100 1.txt,100,30,0.2,54.93139905753977,52.46524949021737,1.4926828923772115,100,200
Geo,Geo 100 1.txt,100,30,0.3,54.93139905753977,52.93050615821641,1.3540764314722453,100,200
Geo,Geo 100 1.txt,100,30,0.4,54.93139905753977,52.80000020846447,1.4119814624101996,100,200
Geo,Geo 100 1.txt,100,30,0.5,54.79979598167926,52.62662950293549,1.2924186417382322,100,200
Geo,Geo 100 1.txt,100,30,0.6,54.93139905753977,52.60650601438386,1.3408547553670047,100,200
Geo,Geo 100 1.txt,100,30,0.7,55.4623448244696,52.82942496844236,1.2607575554396035,100,200
Geo,Geo 100 1.txt,100,30,0.8,54.93139905753977,52.71362300849208,1.4499554387101559,100,200
Geo,Geo 100 1.txt,100,30,0.9,54.93139905753977,53.04944573844161,1.3012946033089008,100,200
Geo,Geo 100 10.txt,100,30,0.1,131.60364685538087,130.7005102942025,0.7625592240292883,100,200
Geo,Geo 100 10.txt,100,30,0.2,131.60364685538087,130.45248235931257,0.9567897426483118,100,200
Geo,Geo 100 10.txt,100,30,0.3,131.60364685538087,130.77603991892448,0.7372114372704522,100,200
Geo,Geo 100 10.txt,100,30,0.4,131.60364685538087,130.58360710877852,1.014488652948929,100,200
Geo,Geo 100 10.txt,100,30,0.5,131.60364685538087,130.66927245025627,0.7428136324393513,100,200
Geo,Geo 100 10.txt,100,30,0.6,131.60364685538087,130.65973538872112,0.8099968951681422,100,200
Geo,Geo 100 10.txt,100,30,0.7,131.60364685538087,130.71049685781443,0.8172504375692005,100,200
Geo,Geo 100 10.txt,100,30,0.8,131.60364685538087,130.79304775996343,0.7472394064506994,100,200
Geo,Geo 100 10.txt,100,30,0.9,131.60364685538087,130.70319577390208,0.8163849608110112,100,200
Geo,Geo 100 11.txt,100,30,0.1,102.19418556229365,99.25463895436914,1.726972820256848,100,200
Geo,Geo 100 11.txt,100,30,0.2,102.19418556229365,98.87224634854967,1.4739748653411455,100,200
Geo,Geo 100 11.txt,100,30,0.3,102.19418556229365,99.26627657654508,1.7205018707955955,100,200
Geo,Geo 100 11.txt,100,30,0.4,102.19418556229365,99.24915429381977,1.7025370502702908,100,200
Geo,Geo 100 11.txt,100,30,0.5,102.19418556229365,99.32813795062877,2.0432162480179525,100,200
Geo,Geo 100 11.txt,100,30,0.6,102.19418556229365,99.24101278059308,1.6841929414056016,100,200
Geo,Geo 100 11.txt,100,30,0.7,102.19418556229365,99.22573753485916,1.7227946479071952,100,200
Geo,Geo 100 11.txt,100,30,0.8,102.19418556229365,99.27801514672059,1.807804386004003,100,200
Geo,Geo 100 11.txt,100,30,0.9,102.19418556229365,99.15610501461943,1.6102948738311507,100,200
Geo,Geo 100 12.txt,100,30,0.1,116.5258953106522,114.7519796812375,1.108091545637343,100,200
Geo,Geo 100 12.txt,100,30,0.2,116.5258953106522,114.76738499187628,1.0736074411462697,100,200
Geo,Geo 100 12.txt,100,30,0.3,116.5258953106522,114.96429691835539,1.1037513742144718,100,200
Geo,Geo 100 12.txt,100,30,0.4,116.5258953106522,114.70949382840112,1.0506027931010453,100,200
Geo,Geo 100 12.txt,100,30,0.5,116.5258953106522,114.7328011918382,1.002642482104611,100,200
Geo,Geo 100 12.txt,100,30,0.6,116.5258953106522,114.88755432683796,1.118137555250936,100,200
Geo,Geo 100 12.txt,100,30,0.7,117.47992279564289,114.91466477512625,1.1933044950928042,100,200
Geo,Geo 100 12.txt,100,30,0.8,117.47992279564289,114.7983234074228,1.0770676033787039,100,200
Geo,Geo 100 12.txt,100,30,0.9,117.47992279564289,114.84600292980201,1.1503940970714044,100,200
Geo,Geo 100 13.txt,100,30,0.1,29.83045137845435,27.93346596385858,0.9056289480326708,100,200
Geo,Geo 100 13.txt,100,30,0.2,29.83045137845435,27.999148896106995,0.783683333090539,100,200
Geo,Geo 100 13.txt,100,30,0.3,29.83045137845435,27.826795159545096,0.7374848997687146,100,200
Geo,Geo 100 13.txt,100,30,0.4,29.83045137845435,28.075563886629233,0.7204805318948704,100,200
Geo,Geo 100 13.txt,100,30,0.5,29.83045137845435,28.145297264560977,0.7751116381469556,100,200
Geo,Geo 100 13.txt,100,30,0.6,29.83045137845435,27.88337529930007,0.737574522663609,100,200
Geo,Geo 100 13.txt,100,30,0.7,29.83045137845435,28.087057563469912,0.7663991083143356,100,200
Geo,Geo 100 13.txt,100,30,0.8,29.69378617724735,28.120360613615006,0.786691090438574,100,200
Geo,Geo 100 13.txt,100,30,0.9,29.69378617724735,28.080099741768603,0.7634898011519871,100,200
Geo,Geo 100 14.txt,100,30,0.1,54.08348170590176,53.46861654311319,0.5684980828912232,100,200
Geo,Geo 100 14.txt,100,30,0.2,54.08348170590176,53.205337963410074,0.7241428057086026,100,200
Geo,Geo 100 14.txt,100,30,0.3,54.08348170590176,53.138321094059194,0.8316344079110242,100,200
Geo,Geo 100 14.txt,100,30,0.4,54.08348170590176,53.24934774827703,0.7533064083441253,100,200
Geo,Geo 100 14.txt,100,30,0.5,54.08348170590176,53.140874817918856,1.0114804466060274,100,200
Geo,Geo 100 14.txt,100,30,0.6,54.08348170590176,53.16959370447935,0.8183314477405724,100,200
Geo,Geo 100 14.txt,100,30,0.7,54.08348170590176,53.30694854922033,0.7937906050785308,100,200
Geo,Geo 100 14.txt,100,30,0.8,54.08348170590176,53.159851847507696,0.888176757452858,100,200
Geo,Geo 100 14.txt,100,30,0.9,54.08348170590176,53.35829152648649,0.6596193200065182,100,200
Geo,Geo 100 15.txt,100,30,0.1,144.47778671245527,143.4953199283589,1.17754565867562,100,200
Geo,Geo 100 15.txt,100,30,0.2,144.47778671245527,143.5561601067581,1.2292034967793912,100,200
Geo,Geo 100 15.txt,100,30,0.3,144.47778671245527,143.55275227339754,1.1342707180772371,100,200
Geo,Geo 100 15.txt,100,30,0.4,144.47778671245527,143.6178875075843,1.1701490504089664,100,200
Geo,Geo 100 15.txt,100,30,0.5,144.47778671245527,143.63797285494263,1.1791344610968069,100,200
Geo,Geo 100 15.txt,100,30,0.6,144.47778671245527,143.8266715123309,1.0030521146077425,100,200
Geo,Geo 100 15.txt,100,30,0.7,144.47778671245527,143.574522251582,1.2018313766092303,100,200
Geo,Geo 100 15.txt,100,30,0.8,144.47778671245527,143.66911123800497,0.9959359642611091,100,200
Geo,Geo 100 15.txt,100,30,0.9,144.47778671245527,143.5376512653925,1.20639785210147,100,200
Geo,Geo 100 16.txt,100,30,0.1,122.37612756776825,121.35464779704984,0.7693701010851924,100,200
Geo,Geo 100 16.txt,100,30,0.2,122.37612756776825,121.4948560456622,0.5836468271939916,100,200
Geo,Geo 100 16.txt,100,30,0.3,122.37612756776825,121.50528849661694,0.6310762164887841,100,200
Geo,Geo 100 16.txt,100,30,0.4,122.37612756776825,121.5240393455639,0.5477850171876717,100,200
Geo,Geo 100 16.txt,100,30,0.5,122.37612756776825,121.49087779406653,0.6661078369630375,100,200
Geo,Geo 100 16.txt,100,30,0.6,122.37612756776825,121.43715721358024,0.6193846502097758,100,200
Geo,Geo 100 16.txt,100,30,0.7,122.37612756776825,121.54559738926913,0.5221072845422572,100,200
Geo,Geo 100 16.txt,100,30,0.8,122.37612756776825,121.5729656541093,0.5544611830187558,100,200
Geo,Geo 100 16.txt,100,30,0.9,122.37612756776825,121.51598492468888,0.5193326902562455,100,200
Geo,Geo 100 17.txt,100,30,0.1,130.34825145332064,128.71382639528866,1.700102027686967,100,200
Geo,Geo 100 17.txt,100,30,0.2,130.34825145332064,128.77086435631895,1.6807227314105422,100,200
Geo,Geo 100 17.txt,100,30,0.3,130.05607286916972,128.32594720987476,1.7216386882107388,100,200
Geo,Geo 100 17.txt,100,30,0.4,130.34825145332064,128.79315720976695,1.5635222009528251,100,200
Geo,Geo 100 17.txt,100,30,0.5,130.05607286916972,128.5849838433594,1.7926953456447488,100,200
Geo,Geo 100 17.txt,100,30,0.6,130.05607286916972,128.7264934067627,1.592081235270797,100,200
Geo,Geo 100 17.txt,100,30,0.7,130.05607286916972,128.74744648036815,1.5956402635964937,100,200
Geo,Geo 100 17.txt,100,30,0.8,130.34825145332064,128.42775034702473,1.8266052110817341,100,200
Geo,Geo 100 17.txt,100,30,0.9,130.05607286916972,128.65008398959085,1.6831790067629377,100,200
Geo,Geo 100 18.txt,100,30,0.1,109.42374939085835,107.71067727274846,0.9433278440307119,100,200
Geo,Geo 100 18.txt,100,30,0.2,109.55285459465001,107.7131117673756,0.9324407277014183,100,200
Geo,Geo 100 18.txt,100,30,0.3,109.86908651486671,107.75486404850255,0.9156668873058827,100,200
Geo,Geo 100 18.txt,100,30,0.4,109.86908651486671,107.92933735862484,0.9074519077483351,100,200
Geo,Geo 100 18.txt,100,30,0.5,109.42374939085835,107.77469940427619,0.9423042081153562,100,200
Geo,Geo 100 18.txt,100,30,0.6,109.86908651486671,107.9601207678502,0.9991152958056075,100,200
Geo,Geo 100 18.txt,100,30,0.7,109.42374939085835,107.76434012071113,0.8744262213365949,100,200
Geo,Geo 100 18.txt,100,30,0.8,109.86908651486671,107.6626538473019,1.0009308664236558,100,200
Geo,Geo 100 18.txt,100,30,0.9,109.86908651486671,107.79830392944747,0.9696306594882539,100,200
Geo,Geo 250 1.txt,250,25,0.1,171.01069431541816,167.94417825686435,1.6966374157553656,100,200
Geo,Geo 250 1.txt,250,25,0.2,171.01069431541816,167.88733163491256,1.4826215328338483,100,200
Geo,Geo 250 1.txt,250,25,0.3,171.01069431541816,168.07832193852136,1.6180332288671955,100,200
Geo,Geo 250 1.txt,250,25,0.4,171.01069431541816,168.32200142798882,1.5185507675688519,100,200
Geo,Geo 250 1.txt,250,25,0.5,171.01069431541816,168.1201300679781,2.115342884842619,100,200
Geo,Geo 250 1.txt,250,25,0.6,171.01069431541816,167.93709518406962,1.6493990419208564,100,200
Geo,Geo 250 1.txt,250,25,0.7,171.01069431541816,167.97984894973968,1.7778521742449274,100,200
Geo,Geo 250 1.txt,250,25,0.8,171.01069431541816,167.77022779940606,1.3736101036962873,100,200
Geo,Geo 250 1.txt,250,25,0.9,171.01069431541816,167.93144716136536,1.5386363754988244,100,200
Geo,Geo 250 10.txt,250,25,0.1,102.19158876538465,99.12584359832908,1.732203405390866,100,200
Geo,Geo 250 10.txt,250,25,0.2,102.11942863077826,99.02211404999923,1.804768722222613,100,200
Geo,Geo 250 10.txt,250,25,0.3,102.22717864710907,99.09897711860616,1.8459246196609354,100,200
Geo,Geo 250 10.txt,250,25,0.4,102.22717864710907,99.57059976196558,1.6518030443975742,100,200
Geo,Geo 250 10.txt,250,25,0.5,102.22717864710907,98.93170959017247,1.8992169644291013,100,200
Geo,Geo 250 10.txt,250,25,0.6,102.11942863077826,99.62297083281626,1.5151032120772217,100,200
Geo,Geo 250 10.txt,250,25,0.7,102.22717864710907,99.36649814713036,1.7840351334805966,100,200
Geo,Geo 250 10.txt,250,25,0.8,102.22717864710907,99.19082475156146,1.766847452414727,100,200
Geo,Geo 250 10.txt,250,25,0.9,102.22717864710907,99.12329802611994,1.8232167709148395,100,200
Geo,Geo 250 11.txt,250,25,0.1,52.32833445729408,50.568757091509596,0.9976565235040136,100,200
Geo,Geo 250 11.txt,250,25,0.2,52.083743135004525,50.534894212035496,0.9011091057899434,100,200
Geo,Geo 250 11.txt,250,25,0.3,52.30988193155487,50.82379753274894,0.7870326772319529,100,200
Geo,Geo 250 11.txt,250,25,0.4,52.962747281602326,50.75069993168434,0.9649742634258752,100,200
Geo,Geo 250 11.txt,250,25,0.5,52.30988193155487,50.715892634722294,0.8671668016316305,100,200
Geo,Geo 250 11.txt,250,25,0.6,52.962747281602326,50.74301858002129,0.8843898365646451,100,200
Geo,Geo 250 11.txt,250,25,0.7,52.30988193155487,50.619451967209564,0.8632134013532949,100,200
Geo,Geo 250 11.txt,250,25,0.8,52.30988193155487,50.73670167303622,0.8815312709573124,100,200
Geo,Geo 250 11.txt,250,25,0.9,52.57588054232596,50.553572311096524,1.0584779938295699,100,200
Geo,Geo 250 12.txt,250,25,0.1,124.20894905260835,121.71090492983843,1.3913706876556735,100,200
Geo,Geo 250 12.txt,250,25,0.2,124.20894905260835,121.67860855861495,1.4738843740548964,100,200
Geo,Geo 250 12.txt,250,25,0.3,124.20894905260835,121.8066107034927,1.3847297002774295,100,200
Geo,Geo 250 12.txt,250,25,0.4,124.20852106392638,121.57057880004544,1.4613637974641902,100,200
Geo,Geo 250 12.txt,250,25,0.5,124.20852106392638,121.63834634058738,1.5048609087549383,100,200
Geo,Geo 250 12.txt,250,25,0.6,124.20852106392638,121.81967381205348,1.225562902266363,100,200
Geo,Geo 250 12.txt,250,25,0.7,124.20852106392638,121.91440207183685,1.2309480545802745,100,200
Geo,Geo 250 12.txt,250,25,0.8,124.20852106392638,121.51353893372172,1.2803126149235369,100,200
Geo,Geo 250 12.txt,250,25,0.9,124.20852106392638,121.45337321309606,1.5598357982839222,100,200
Geo,Geo 250 13.txt,250,25,0.1,172.92980074992238,169.97325216640937,1.3784209962035388,100,200
Geo,Geo 250 13.txt,250,25,0.2,173.43392274784824,170.05579776406725,1.3946907493258107,100,200
Geo,Geo 250 13.txt,250,25,0.3,172.92980074992238,169.93792976029087,1.4447045823815599,100,200
Geo,Geo 250 13.txt,250,25,0.4,172.92980074992238,169.81290909687215,1.4452664034463876,100,200
Geo,Geo 250 13.txt,250,25,0.5,173.43392274784824,169.93467115452745,1.3168724572621027,100,200
Geo,Geo 250 13.txt,250,25,0.6,172.92980074992238,169.84676827953754,1.3925478260230566,100,200
Geo,Geo 250 13.txt,250,25,0.7,173.43392274784824,170.0827796260277,1.4305954975311534,100,200
Geo,Geo 250 13.txt,250,25,0.8,172.92980074992238,170.07582339083976,1.3386872367743912,100,200
Geo,Geo 250 13.txt,250,25,0.9,172.92980074992238,169.83220242788747,1.3463783045128552,100,200
Geo,Geo 250 14.txt,250,25,0.1,97.98139789260817,96.16751774929327,1.2579710341802988,100,200
Geo,Geo 250 14.txt,250,25,0.2,97.98139789260817,96.13171599955875,1.454257152143109,100,200
Geo,Geo 250 14.txt,250,25,0.3,97.98139789260817,96.06429131085935,1.3498301668532438,100,200
Geo,Geo 250 14.txt,250,25,0.4,97.98139789260817,96.02079752881214,1.6708266503937168,100,200
Geo,Geo 250 14.txt,250,25,0.5,97.98139789260817,96.0164941471976,1.4996732873521939,100,200
Geo,Geo 250 14.txt,250,25,0.6,97.98139789260817,95.8825094235247,1.5458131517910294,100,200
Geo,Geo 250 14.txt,250,25,0.7,97.98139789260817,96.39650705926208,1.2784489656345828,100,200
Geo,Geo 250 14.txt,250,25,0.8,98.43875664042068,96.1988694575722,1.3005125291046393,100,200
Geo,Geo 250 14.txt,250,25,0.9,97.98139789260817,95.81445920783915,1.534626968335676,100,200
Geo,Geo 250 15.txt,250,25,0.1,171.03421963867063,166.95189501544297,2.1327196317148376,100,200
Geo,Geo 250 15.txt,250,25,0.2,171.03421963867063,166.8988944282154,1.7122836645537678,100,200
Geo,Geo 250 15.txt,250,25,0.3,171.03421963867063,166.85427693084802,2.106371737866149,100,200
Geo,Geo 250 15.txt,250,25,0.4,171.03421963867063,167.25287235062154,1.8042810044810806,100,200
Geo,Geo 250 15.txt,250,25,0.5,171.03421963867063,167.3106439582265,2.0260272757193984,100,200
Geo,Geo 250 15.txt,250,25,0.6,171.03421963867063,166.9436648743626,1.9900149699351757,100,200
Geo,Geo 250 15.txt,250,25,0.7,171.03421963867063,167.57629678672302,1.855600533417214,100,200
Geo,Geo 250 15.txt,250,25,0.8,171.03421963867063,166.90447004582487,1.873219727106015,100,200
Geo,Geo 250 15.txt,250,25,0.9,171.03421963867063,166.97087319303458,1.8202149161683803,100,200
Geo,Geo 250 16.txt,250,25,0.1,135.80289160382978,133.69019345847752,1.1103816982383088,100,200
Geo,Geo 250 16.txt,250,25,0.2,135.80289160382978,133.7205362078903,1.100360680866529,100,200
Geo,Geo 250 16.txt,250,25,0.3,136.4423417333145,133.78431979547474,1.297908360047439,100,200
Geo,Geo 250 16.txt,250,25,0.4,135.80289160382978,133.78593361255037,1.2529722409842399,100,200
Geo,Geo 250 16.txt,250,25,0.5,135.9551408280612,133.85349078790267,1.1105681024254306,100,200
Geo,Geo 250 16.txt,250,25,0.6,136.4423417333145,133.5931224486762,1.2346943599132534,100,200
Geo,Geo 250 16.txt,250,25,0.7,136.4423417333145,133.95860877010318,1.193740199353561,100,200
Geo,Geo 250 16.txt,250,25,0.8,136.4423417333145,133.92780783273864,1.0358756944518681,100,200
Geo,Geo 250 16.txt,250,25,0.9,136.4423417333145,133.7108754706984,1.2613652872230376,100,200
Geo,Geo 250 17.txt,250,25,0.1,151.77892231324284,148.22847302610592,1.3497671740531947,100,200
Geo,Geo 250 17.txt,250,25,0.2,150.59284199623394,148.29587194962463,1.3713121208327357,100,200
Geo,Geo 250 17.txt,250,25,0.3,150.3995045233101,148.5136534925304,1.1623839716087496,100,200
Geo,Geo 250 17.txt,250,25,0.4,150.3995045233101,148.55976605334618,1.2627079986818524,100,200
Geo,Geo 250 17.txt,250,25,0.5,150.3995045233101,148.35560625874584,1.3276189753008647,100,200
Geo,Geo 250 17.txt,250,25,0.6,150.14869640602794,148.08477072386052,1.3277445923777578,100,200
Geo,Geo 250 17.txt,250,25,0.7,150.3995045233101,148.49141769364735,1.2990841638461537,100,200
Geo,Geo 250 17.txt,250,25,0.8,150.28013230197286,148.49881994934452,1.1223351912823134,100,200
Geo,Geo 250 17.txt,250,25,0.9,150.27232432754863,148.425810945136,1.1971090886149203,100,200
Geo,Geo 250 18.txt,250,25,0.1,176.23226602521225,173.5149191757759,1.5082494697282984,100,200
Geo,Geo 250 18.txt,250,25,0.2,176.14468952765375,173.6176701624247,1.5418709605434229,100,200
Geo,Geo 250 18.txt,250,25,0.3,176.23226602521225,173.4391798099894,1.386352930896332,100,200
Geo,Geo 250 18.txt,250,25,0.4,176.23226602521225,173.61350160067363,1.3597308310346745,100,200
Geo,Geo 250 18.txt,250,25,0.5,176.23226602521225,173.63210969466266,1.4603691520101358,100,200
Geo,Geo 250 18.txt,250,25,0.6,176.14468952765375,173.55255687191104,1.3535317891169534,100,200
Geo,Geo 250 18.txt,250,25,0.7,176.23226602521225,173.4341528357106,1.6720224065096418,100,200
Geo,Geo 250 18.txt,250,25,0.8,176.23226602521225,173.28177378329826,1.6358718327204336,100,200
Geo,Geo 250 18.txt,250,25,0.9,176.14468952765375,173.308512264067,1.4450429251105779,100,200
Geo,Geo 250 1.txt,250,75,0.1,144.46274390864795,143.39782630407797,0.5798513334988227,100,200
Geo,Geo 250 1.txt,250,75,0.2,144.46274390864795,143.4999962691495,0.5593728584320221,100,200
Geo,Geo 250 1.txt,250,75,0.3,144.32269959984208,143.40565839050296,0.638734906384107,100,200
Geo,Geo 250 1.txt,250,75,0.4,144.297347051955,142.67248608527964,1.9367851753976761,100,200
Geo,Geo 250 1.txt,250,75,0.5,144.08975898233388,138.7350017769242,3.8816119308758927,100,200
Geo,Geo 250 1.txt,250,75,0.6,142.32624448450824,133.8693704529148,5.755016591592294,100,200
Geo,Geo 250 1.txt,250,75,0.7,144.08975898233388,131.2989986333522,6.311789164399071,100,200
Geo,Geo 250 1.txt,250,75,0.8,141.9819099150183,129.95643237080452,6.461223803824777,100,200
Geo,Geo 250 1.txt,250,75,0.9,140.22562995731892,129.5386035472383,5.2771978606468855,100,200
Geo,Geo 250 10.txt,250,75,0.1,72.12023325352298,70.27435011357903,0.696504645891379,100,200
Geo,Geo 250 10.txt,250,75,0.2,72.12023325352298,70.39966732941085,0.7532613306957853,100,200
Geo,Geo 250 10.txt,250,75,0.3,72.12023325352298,70.27583992184017,0.8244306961499993,100,200
Geo,Geo 250 10.txt,250,75,0.4,72.12023325352298,70.40586674993015,0.8425495029212486,100,200
Geo,Geo 250 10.txt,250,75,0.5,71.52062668709993,69.80477317935762,1.2033197685595063,100,200
Geo,Geo 250 10.txt,250,75,0.6,71.0920773868039,67.28431780670181,2.9131958775965567,100,200
Geo,Geo 250 10.txt,250,75,0.7,70.93093795528074,64.91745725307443,3.6436041005105166,100,200
Geo,Geo 250 10.txt,250,75,0.8,70.10690762751892,62.80605849323196,4.011475748569681,100,200
Geo,Geo 250 10.txt,250,75,0.9,70.83463493332391,61.847207757714294,4.9930898825635435,100,200
Geo,Geo 250 11.txt,250,75,0.1,31.068244241116894,30.319473535193243,0.3009408785574445,100,200
Geo,Geo 250 11.txt,250,75,0.2,31.068244241116894,30.399472492745005,0.2917854141797458,100,200
Geo,Geo 250 11.txt,250,75,0.3,31.006606911257702,30.346387290555935,0.3196006942551951,100,200
Geo,Geo 250 11.txt,250,75,0.4,31.096463943751676,30.3516553136747,0.3709851868033266,100,200
Geo,Geo 250 11.txt,250,75,0.5,31.316554639635164,30.371640218726665,0.2867947296947066,100,200
Geo,Geo 250 11.txt,250,75,0.6,31.096463943751676,30.17512773810085,0.7488272222100917,100,200
Geo,Geo 250 11.txt,250,75,0.7,30.81340962203771,29.278372744501937,1.6732980211429882,100,200
Geo,Geo 250 11.txt,250,75,0.8,30.69816860117838,28.227563908732915,2.095897992830698,100,200
Geo,Geo 250 11.txt,250,75,0.9,30.625533395863595,27.52911495104888,2.7591315511944328,100,200
Geo,Geo 250 12.txt,250,75,0.1,93.53905605894634,91.77261146390545,0.5618452606190157,100,200
Geo,Geo 250 12.txt,250,75,0.2,93.44226772967832,91.87905797317718,0.718503024359242,100,200
Geo,Geo 250 12.txt,250,75,0.3,93.83993157678188,91.99379059924955,0.6905203804561261,100,200
Geo,Geo 250 12.txt,250,75,0.4,93.48180779409957,92.04522238861807,0.616349129740417,100,200
Geo,Geo 250 12.txt,250,75,0.5,93.44226772967832,91.40046358123078,1.7325600655389894,100,200
Geo,Geo 250 12.txt,250,75,0.6,92.90746116015376,88.65417790263984,3.2612624733966604,100,200
Geo,Geo 250 12.txt,250,75,0.7,92.23697870058237,86.08583401010986,4.071099350884154,100,200
Geo,Geo 250 12.txt,250,75,0.8,92.3406969006217,84.17979079234159,4.358212761824641,100,200
Geo,Geo 250 12.txt,250,75,0.9,91.35371381335443,81.4624927475871,5.026376901557591,100,200
Geo,Geo 250 13.txt,250,75,0.1,144.4735154586794,143.1988288453615,0.6710770344130743,100,200
Geo,Geo 250 13.txt,250,75,0.2,144.9366466537845,143.3789690413748,0.6350119063862748,100,200
Geo,Geo 250 13.txt,250,75,0.3,144.9366466537845,143.45064324006754,0.5893506937108277,100,200
Geo,Geo 250 13.txt,250,75,0.4,144.4735154586794,142.6025389140466,2.33244456002538,100,200
Geo,Geo 250 13.txt,250,75,0.5,144.47137699318026,139.04508690095616,4.341796454059062,100,200
Geo,Geo 250 13.txt,250,75,0.6,143.38904522283357,135.5138670649955,4.321531869313929,100,200
Geo,Geo 250 13.txt,250,75,0.7,142.96015872831364,132.5801174873361,5.791265223083376,100,200
Geo,Geo 250 13.txt,250,75,0.8,142.1798616147152,130.6556639565909,6.277141824359972,100,200
Geo,Geo 250 13.txt,250,75,0.9,141.37063758550445,130.62147964037257,6.631879540594969,100,200
Geo,Geo 250 14.txt,250,75,0.1,70.11528640239061,69.17892058173247,0.5095308996142441,100,200
Geo,Geo 250 14.txt,250,75,0.2,69.83844881154991,69.16403773679532,0.6109963800798717,100,200
Geo,Geo 250 14.txt,250,75,0.3,70.11528640239061,69.18493345032506,0.5292061550223404,100,200
Geo,Geo 250 14.txt,250,75,0.4,70.24499453182653,69.12173282397178,1.093834638126008,100,200
Geo,Geo 250 14.txt,250,75,0.5,70.11528640239061,68.18252540993397,1.9753794377167313,100,200
Geo,Geo 250 14.txt,250,75,0.6,70.09137828090981,65.17069297113183,3.6547416344755885,100,200
Geo,Geo 250 14.txt,250,75,0.7,69.76703037207459,62.62916730165915,4.482850814677263,100,200
Geo,Geo 250 14.txt,250,75,0.8,69.3899662139203,61.82340253558992,4.9035173035146284,100,200
Geo,Geo 250 14.txt,250,75,0.9,69.76703037207459,60.76813768319862,4.368075928946814,100,200
Geo,Geo 250 15.txt,250,75,0.1,142.42867425549605,141.23572447488846,0.602339167849934,100,200
Geo,Geo 250 15.txt,250,75,0.2,142.42867425549605,141.2586994745021,0.5498794898137166,100,200
Geo,Geo 250 15.txt,250,75,0.3,142.42867425549605,141.18540596194305,0.6367175228927616,100,200
Geo,Geo 250 15.txt,250,75,0.4,142.42867425549605,140.84758295022573,1.2328079252486237,100,200
Geo,Geo 250 15.txt,250,75,0.5,142.42867425549605,137.85423498745428,3.2122606026949345,100,200
Geo,Geo 250 15.txt,250,75,0.6,140.0780668062127,133.1973111457251,4.022497873519195,100,200
Geo,Geo 250 15.txt,250,75,0.7,140.12864588837448,129.420688906138,5.4289168743040825,100,200
Geo,Geo 250 15.txt,250,75,0.8,137.95011594968443,128.0759542265664,5.754302251151026,100,200
Geo,Geo 250 15.txt,250,75,0.9,135.8715624302752,126.38978658265498,6.3466086903153185,100,200
Geo,Geo 250 16.txt,250,75,0.1,108.04585787030845,106.03888830671134,0.8466682434168291,100,200
Geo,Geo 250 16.txt,250,75,0.2,108.04585787030845,106.18199330048049,0.7351643071990346,100,200
Geo,Geo 250 16.txt,250,75,0.3,108.04585787030845,106.12359636970181,0.752537431512488,100,200
Geo,Geo 250 16.txt,250,75,0.4,108.04585787030845,105.4810983688253,2.0053279300160938,100,200
Geo,Geo 250 16.txt,250,75,0.5,108.04585787030845,102.19827993781259,3.8835850954084306,100,200
Geo,Geo 250 16.txt,250,75,0.6,106.66162368944076,99.45448159533169,4.174130160893709,100,200
Geo,Geo 250 16.txt,250,75,0.7,106.37930886501059,97.60583585869236,4.191337782407569,100,200
Geo,Geo 250 16.txt,250,75,0.8,105.40079524851633,94.40493618930323,6.092435695577381,100,200
Geo,Geo 250 16.txt,250,75,0.9,105.01516795330947,95.6038026745199,5.314160666609498,100,200
Geo,Geo 250 17.txt,250,75,0.1,123.77985344503806,122.83107131861388,0.5982315846104393,100,200
Geo,Geo 250 17.txt,250,75,0.2,124.25339168273817,123.06622794742785,0.5824144716514711,100,200
Geo,Geo 250 17.txt,250,75,0.3,124.05666777972596,122.99880073288763,0.5652681371541182,100,200
Geo,Geo 250 17.txt,250,75,0.4,124.25339168273817,122.63461336617308,1.3297470633247201,100,200
Geo,Geo 250 17.txt,250,75,0.5,123.53210128147484,119.27692866459674,3.4834557691055164,100,200
Geo,Geo 250 17.txt,250,75,0.6,123.42313554209741,116.10347572779196,4.084996552363568,100,200
Geo,Geo 250 17.txt,250,75,0.7,121.54186403941209,112.48869534213344,4.768271946495754,100,200
Geo,Geo 250 17.txt,250,75,0.8,122.50568720480952,112.07233437370914,4.453975500022693,100,200
Geo,Geo 250 17.txt,250,75,0.9,120.68157441039982,111.38310978860619,5.144835334920801,100,200
Geo,Geo 250 18.txt,250,75,0.1,148.62762616905343,147.31722212653506,0.5570465394724244,100,200
Geo,Geo 250 18.txt,250,75,0.2,148.62762616905343,147.42789565011302,0.5264715957962179,100,200
Geo,Geo 250 18.txt,250,75,0.3,148.62762616905343,147.42713479666747,0.5510345497867991,100,200
Geo,Geo 250 18.txt,250,75,0.4,148.72335913374295,146.97777855779583,1.3896140920422455,100,200
Geo,Geo 250 18.txt,250,75,0.5,148.10233159317912,143.65726245075228,3.613618343117142,100,200
Geo,Geo 250 18.txt,250,75,0.6,147.41499922594085,138.9786382404067,4.937734449828235,100,200
Geo,Geo 250 18.txt,250,75,0.7,147.01221715078987,136.5771115243936,5.509705438720681,100,200
Geo,Geo 250 18.txt,250,75,0.8,147.03659917258477,134.3580811768267,6.663755820459381,100,200
Geo,Geo 250 18.txt,250,75,0.9,144.7160023758023,133.7019821335304,6.745216313183825,100,200
Ran,Ran 100 1.txt,100,10,0.1,73.0,68.63,2.091195830141214,100,200
Ran,Ran 100 1.txt,100,10,0.2,73.0,68.93,1.7219465729226329,100,200
Ran,Ran 100 1.txt,100,10,0.3,73.0,69.03,1.6337380450978058,100,200
Ran,Ran 100 1.txt,100,10,0.4,72.0,69.2,1.928730152198591,100,200
Ran,Ran 100 1.txt,100,10,0.5,73.0,69.28,1.4770240350109405,100,200
Ran,Ran 100 1.txt,100,10,0.6,73.0,69.06,1.8645106596638163,100,200
Ran,Ran 100 1.txt,100,10,0.7,73.0,69.19,1.7759222955974172,100,200
Ran,Ran 100 1.txt,100,10,0.8,73.0,69.28,1.6975276139138356,100,200
Ran,Ran 100 1.txt,100,10,0.9,73.0,69.15,1.8020821290940099,100,200
Ran,Ran 100 10.txt,100,10,0.1,73.0,69.26,2.243301138946798,100,200
Ran,Ran 100 10.txt,100,10,0.2,74.0,69.62,1.9171854370404549,100,200
Ran,Ran 100 10.txt,100,10,0.3,73.0,69.71,1.6869795493721909,100,200
Ran,Ran 100 10.txt,100,10,0.4,74.0,69.88,1.644870815596167,100,200
Ran,Ran 100 10.txt,100,10,0.5,75.0,69.94,1.9226024029944413,100,200
Ran,Ran 100 10.txt,100,10,0.6,75.0,70.06,2.009079391164023,100,200
Ran,Ran 100 10.txt,100,10,0.7,74.0,69.84,1.820549367636044,100,200
Ran,Ran 100 10.txt,100,10,0.8,75.0,69.79,1.9198697872512083,100,200
Ran,Ran 100 10.txt,100,10,0.9,73.0,69.71,1.6570757375569771,100,200
Ran,Ran 100 11.txt,100,10,0.1,74.0,69.06,2.1110187114282053,100,200
Ran,Ran 100 11.txt,100,10,0.2,74.0,68.93,1.5890563237343098,100,200
Ran,Ran 100 11.txt,100,10,0.3,73.0,68.94,1.8429324458590446,100,200
Ran,Ran 100 11.txt,100,10,0.4,73.0,69.16,1.901157542130583,100,200
Ran,Ran 100 11.txt,100,10,0.5,73.0,69.09,1.8335484722253732,100,200
Ran,Ran 100 11.txt,100,10,0.6,74.0,69.34,2.0110693672770217,100,200
Ran,Ran 100 11.txt,100,10,0.7,73.0,69.36,1.546091847207015,100,200
Ran,Ran 100 11.txt,100,10,0.8,74.0,69.19,1.8476742137076005,100,200
Ran,Ran 100 11.txt,100,10,0.9,74.0,69.54,1.8784035775093701,100,200
Ran,Ran 100 12.txt,100,10,0.1,72.0,68.77,1.6177453446077352,100,200
Ran,Ran 100 12.txt,100,10,0.2,72.0,69.29,1.6018426889054993,100,200
Ran,Ran 100 12.txt,100,10,0.3,73.0,69.26,1.5976232346833217,100,200
Ran,Ran 100 12.txt,100,10,0.4,74.0,69.46,1.7743731287415283,100,200
Ran,Ran 100 12.txt,100,10,0.5,73.0,69.37,1.8201922975334226,100,200
Ran,Ran 100 12.txt,100,10,0.6,72.0,69.54,1.5324490203592418,100,200
Ran,Ran 100 12.txt,100,10,0.7,73.0,69.35,1.7514279888136994,100,200
Ran,Ran 100 12.txt,100,10,0.8,73.0,69.35,1.6023420358962066,100,200
Ran,Ran 100 12.txt,100,10,0.9,73.0,69.59,1.588049117628293,100,200
Ran,Ran 100 13.txt,100,10,0.1,74.0,69.81,2.32247712582923,100,200
Ran,Ran 100 13.txt,100,10,0.2,74.0,69.51,2.3642969356660766,100,200
Ran,Ran 100 13.txt,100,10,0.3,74.0,69.52,2.5079074943067576,100,200
Ran,Ran 100 13.txt,100,10,0.4,74.0,69.73,2.1394158081121115,100,200
Ran,Ran 100 13.txt,100,10,0.5,74.0,69.72,2.2763128080296875,100,200
Ran,Ran 100 13.txt,100,10,0.6,77.0,69.71,2.187669993394799,100,200
Ran,Ran 100 13.txt,100,10,0.7,77.0,69.76,2.182292372712694,100,200
Ran,Ran 100 13.txt,100,10,0.8,77.0,70.22,2.617556112101515,100,200
Ran,Ran 100 13.txt,100,10,0.9,77.0,69.88,2.4219000805152966,100,200
Ran,Ran 100 14.txt,100,10,0.1,74.0,68.79,2.031231153758725,100,200
Ran,Ran 100 14.txt,100,10,0.2,74.0,68.11,2.111373960244845,100,200
Ran,Ran 100 14.txt,100,10,0.3,73.0,68.42,2.126875642815066,100,200
Ran,Ran 100 14.txt,100,10,0.4,74.0,69.02,1.902524638473836,100,200
Ran,Ran 100 14.txt,100,10,0.5,73.0,68.81,1.8530785196531743,100,200
Ran,Ran 100 14.txt,100,10,0.6,74.0,68.98,1.94411933790084,100,200
Ran,Ran 100 14.txt,100,10,0.7,73.0,68.71,1.976334991847283,100,200
Ran,Ran 100 14.txt,100,10,0.8,72.0,68.77,1.759857948812915,100,200
Ran,Ran 100 14.txt,100,10,0.9,72.0,68.99,1.8573906428104994,100,200
Ran,Ran 100 15.txt,100,10,0.1,74.0,69.84,2.086719914123599,100,200
Ran,Ran 100 15.txt,100,10,0.2,74.0,70.03,2.215648889151889,100,200
Ran,Ran 100 15.txt,100,10,0.3,74.0,69.95,1.991858428704209,100,200
Ran,Ran 100 15.txt,100,10,0.4,74.0,70.01,2.184010073236843,100,200
Ran,Ran 100 15.txt,100,10,0.5,74.0,69.89,2.0243270486756826,100,200
Ran,Ran 100 15.txt,100,10,0.6,74.0,70.22,2.179816506038983,100,200
Ran,Ran 100 15.txt,100,10,0.7,74.0,70.18,1.991883530731654,100,200
Ran,Ran 100 15.txt,100,10,0.8,74.0,70.29,1.7905027227010855,100,200
Ran,Ran 100 15.txt,100,10,0.9,73.0,69.88,1.856232744027537,100,200
Ran,Ran 100 16.txt,100,10,0.1,73.0,69.14,2.0494877408757537,100,200
Ran,Ran 100 16.txt,100,10,0.2,73.0,69.54,1.7344739836619054,100,200
Ran,Ran 100 16.txt,100,10,0.3,74.0,69.23,2.2174534944390603,100,200
Ran,Ran 100 16.txt,100,10,0.4,73.0,69.21,1.8936472744415735,100,200
Ran,Ran 100 16.txt,100,10,0.5,74.0,69.96,1.9794948850653795,100,200
Ran,Ran 100 16.txt,100,10,0.6,73.0,69.58,1.800999722376436,100,200
Ran,Ran 100 16.txt,100,10,0.7,73.0,69.87,1.968019308848366,100,200
Ran,Ran 100 16.txt,100,10,0.8,74.0,69.64,2.0025983121934363,100,200
Ran,Ran 100 16.txt,100,10,0.9,73.0,69.72,1.9752468200202222,100,200
Ran,Ran 100 17.txt,100,10,0.1,74.0,69.36,2.1284736315021617,100,200
Ran,Ran 100 17.txt,100,10,0.2,74.0,69.11,2.0341828826337123,100,200
Ran,Ran 100 17.txt,100,10,0.3,74.0,69.13,2.0816099538578308,100,200
Ran,Ran 100 17.txt,100,10,0.4,74.0,69.65,2.0706279240848655,100,200
Ran,Ran 100 17.txt,100,10,0.5,73.0,69.04,1.9591835034013532,100,200
Ran,Ran 100 17.txt,100,10,0.6,74.0,69.69,1.6413104520473876,100,200
Ran,Ran 100 17.txt,100,10,0.7,74.0,69.29,2.0263020505344214,100,200
Ran,Ran 100 17.txt,100,10,0.8,74.0,69.48,1.9823218709382187,100,200
Ran,Ran 100 17.txt,100,10,0.9,74.0,69.49,1.8681274046488372,100,200
Ran,Ran 100 18.txt,100,10,0.1,73.0,69.23,1.8913222887704781,100,200
Ran,Ran 100 18.txt,100,10,0.2,73.0,69.25,1.5124483462254175,100,200
Ran,Ran 100 18.txt,100,10,0.3,73.0,69.12,1.6509391266791154,100,200
Ran,Ran 100 18.txt,100,10,0.4,73.0,69.33,1.9751202495038118,100,200
Ran,Ran 100 18.txt,100,10,0.5,73.0,69.39,1.8049653736290898,100,200
Ran,Ran 100 18.txt,100,10,0.6,73.0,69.47,1.9414170082699904,100,200
Ran,Ran 100 18.txt,100,10,0.7,73.0,69.32,1.8701871564097536,100,200
Ran,Ran 100 18.txt,100,10,0.8,73.0,69.45,1.6695807857064,100,200
Ran,Ran 100 18.txt,100,10,0.9,73.0,69.69,1.6893489870361305,100,200
Ran,Ran 100 1.txt,100,30,0.1,54.0,53.06,0.4651881339845203,100,200
Ran,Ran 100 1.txt,100,30,0.2,54.0,53.09,0.2861817604250837,100,200
Ran,Ran 100 1.txt,100,30,0.3,54.0,53.05,0.4092676385936225,100,200
Ran,Ran 100 1.txt,100,30,0.4,54.0,53.06,0.3411744421846396,100,200
Ran,Ran 100 1.txt,100,30,0.5,54.0,53.12,0.4069397989875161,100,200
Ran,Ran 100 1.txt,100,30,0.6,54.0,53.11,0.3973663297261105,100,200
Ran,Ran 100 1.txt,100,30,0.7,54.0,53.08,0.33704599092705434,100,200
Ran,Ran 100 1.txt,100,30,0.8,54.0,53.07,0.2917190429162964,100,200
Ran,Ran 100 1.txt,100,30,0.9,54.0,53.18,0.3841874542459709,100,200
Ran,Ran 100 10.txt,100,30,0.1,55.0,54.37,0.5413871073455665,100,200
Ran,Ran 100 10.txt,100,30,0.2,55.0,54.3,0.5385164807134504,100,200
Ran,Ran 100 10.txt,100,30,0.3,55.0,54.39,0.5982474404458409,100,200
Ran,Ran 100 10.txt,100,30,0.4,55.0,54.46,0.5180733538795448,100,200
Ran,Ran 100 10.txt,100,30,0.5,55.0,54.3,0.5916079783099616,100,200
Ran,Ran 100 10.txt,100,30,0.6,55.0,54.48,0.5381449618829484,100,200
Ran,Ran 100 10.txt,100,30,0.7,55.0,54.41,0.4918333050943175,100,200
Ran,Ran 100 10.txt,100,30,0.8,55.0,54.41,0.5309425580983314,100,200
Ran,Ran 100 10.txt,100,30,0.9,55.0,54.48,0.5381449618829484,100,200
Ran,Ran 100 11.txt,100,30,0.1,54.0,53.27,0.4659399102888698,100,200
Ran,Ran 100 11.txt,100,30,0.2,54.0,53.3,0.458257569495584,100,200
Ran,Ran 100 11.txt,100,30,0.3,54.0,53.32,0.4874423042781576,100,200
Ran,Ran 100 11.txt,100,30,0.4,54.0,53.29,0.47528938553264577,100,200
Ran,Ran 100 11.txt,100,30,0.5,54.0,53.44,0.5161395160225576,100,200
Ran,Ran 100 11.txt,100,30,0.6,54.0,53.45,0.51720402163943,100,200
Ran,Ran 100 11.txt,100,30,0.7,54.0,53.48,0.49959983987187184,100,200
Ran,Ran 100 11.txt,100,30,0.8,54.0,53.41,0.4918333050943175,100,200
Ran,Ran 100 11.txt,100,30,0.9,54.0,53.42,0.4935585071701226,100,200
Ran,Ran 100 12.txt,100,30,0.1,55.0,53.95,0.3570714214271425,100,200
Ran,Ran 100 12.txt,100,30,0.2,55.0,53.91,0.37669616403674727,100,200
Ran,Ran 100 12.txt,100,30,0.3,55.0,53.91,0.4918333050943175,100,200
Ran,Ran 100 12.txt,100,30,0.4,55.0,53.87,0.4394314508543966,100,200
Ran,Ran 100 12.txt,100,30,0.5,55.0,53.99,0.45814844755821227,100,200
Ran,Ran 100 12.txt,100,30,0.6,55.0,53.91,0.37669616403674727,100,200
Ran,Ran 100 12.txt,100,30,0.7,55.0,54.0,0.2449489742783178,100,200
Ran,Ran 100 12.txt,100,30,0.8,55.0,53.94,0.36932370625238775,100,200
Ran,Ran 100 12.txt,100,30,0.9,55.0,54.02,0.34583232931581165,100,200
Ran,Ran 100 13.txt,100,30,0.1,55.0,53.5,0.5744562646538028,100,200
Ran,Ran 100 13.txt,100,30,0.2,55.0,53.38,0.5963220606350229,100,200
Ran,Ran 100 13.txt,100,30,0.3,54.0,53.41,0.5117616632769594,100,200
Ran,Ran 100 13.txt,100,30,0.4,54.0,53.39,0.5078385570237849,100,200
Ran,Ran 100 13.txt,100,30,0.5,55.0,53.49,0.5743692192309752,100,200
Ran,Ran 100 13.txt,100,30,0.6,55.0,53.54,0.5180733538795448,100,200
Ran,Ran 100 13.txt,100,30,0.7,55.0,53.58,0.5509990925582364,100,200
Ran,Ran 100 13.txt,100,30,0.8,55.0,53.65,0.49749371855331,100,200
Ran,Ran 100 13.txt,100,30,0.9,55.0,53.55,0.51720402163943,100,200
Ran,Ran 100 14.txt,100,30,0.1,55.0,53.99,0.4998999899979995,100,200
Ran,Ran 100 14.txt,100,30,0.2,55.0,54.0,0.5099019513592785,100,200
Ran,Ran 100 14.txt,100,30,0.3,55.0,53.99,0.45814844755821227,100,200
Ran,Ran 100 14.txt,100,30,0.4,55.0,53.99,0.41218927691049895,100,200
Ran,Ran 100 14.txt,100,30,0.5,55.0,54.03,0.47864391775097276,100,200
Ran,Ran 100 14.txt,100,30,0.6,55.0,54.02,0.4894895300208167,100,200
Ran,Ran 100 14.txt,100,30,0.7,55.0,54.09,0.42649736224272244,100,200
Ran,Ran 100 14.txt,100,30,0.8,55.0,54.04,0.397994974842648,100,200
Ran,Ran 100 14.txt,100,30,0.9,55.0,54.18,0.5173006862551025,100,200
Ran,Ran 100 15.txt,100,30,0.1,55.0,54.07,0.6042350536008317,100,200
Ran,Ran 100 15.txt,100,30,0.2,55.0,54.2,0.6,100,200
Ran,Ran 100 15.txt,100,30,0.3,55.0,54.26,0.576541412215983,100,200
Ran,Ran 100 15.txt,100,30,0.4,55.0,54.26,0.5589275444992848,100,200
Ran,Ran 100 15.txt,100,30,0.5,55.0,54.26,0.540740233383831,100,200
Ran,Ran 100 15.txt,100,30,0.6,55.0,54.35,0.5545268253204708,100,200
Ran,Ran 100 15.txt,100,30,0.7,55.0,54.31,0.5948949487094339,100,200
Ran,Ran 100 15.txt,100,30,0.8,55.0,54.3,0.5744562646538028,100,200
Ran,Ran 100 15.txt,100,30,0.9,55.0,54.36,0.5571355310873648,100,200
Ran,Ran 100 16.txt,100,30,0.1,54.0,53.64,0.5003998401278722,100,200
Ran,Ran 100 16.txt,100,30,0.2,55.0,53.86,0.5295280917949491,100,200
Ran,Ran 100 16.txt,100,30,0.3,55.0,53.71,0.5530822723609933,100,200
Ran,Ran 100 16.txt,100,30,0.4,55.0,53.75,0.5722761571129799,100,200
Ran,Ran 100 16.txt,100,30,0.5,55.0,53.93,0.5523585791856591,100,200
Ran,Ran 100 16.txt,100,30,0.6,55.0,53.82,0.5173006862551025,100,200
Ran,Ran 100 16.txt,100,30,0.7,55.0,53.89,0.5271622141238881,100,200
Ran,Ran 100 16.txt,100,30,0.8,55.0,53.96,0.5462600113499065,100,200
Ran,Ran 100 16.txt,100,30,0.9,55.0,53.89,0.4877499359302879,100,200
Ran,Ran 100 17.txt,100,30,0.1,55.0,53.39,0.5271622141238881,100,200
Ran,Ran 100 17.txt,100,30,0.2,54.0,53.42,0.4935585071701226,100,200
Ran,Ran 100 17.txt,100,30,0.3,55.0,53.4,0.5099019513592785,100,200
Ran,Ran 100 17.txt,100,30,0.4,54.0,53.4,0.4898979485566356,100,200
Ran,Ran 100 17.txt,100,30,0.5,54.0,53.46,0.4983974317750845,100,200
Ran,Ran 100 17.txt,100,30,0.6,54.0,53.43,0.49507575177946256,100,200
Ran,Ran 100 17.txt,100,30,0.7,55.0,53.5,0.5196152422706631,100,200
Ran,Ran 100 17.txt,100,30,0.8,54.0,53.52,0.49959983987187184,100,200
Ran,Ran 100 17.txt,100,30,0.9,54.0,53.54,0.4983974317750845,100,200
Ran,Ran 100 18.txt,100,30,0.1,55.0,53.58,0.5325410782277739,100,200
Ran,Ran 100 18.txt,100,30,0.2,54.0,53.54,0.5180733538795448,100,200
Ran,Ran 100 18.txt,100,30,0.3,55.0,53.65,0.49749371855331,100,200
Ran,Ran 100 18.txt,100,30,0.4,55.0,53.66,0.5332916650389353,100,200
Ran,Ran 100 18.txt,100,30,0.5,55.0,53.73,0.5070502933634887,100,200
Ran,Ran 100 18.txt,100,30,0.6,55.0,53.74,0.482078831727758,100,200
Ran,Ran 100 18.txt,100,30,0.7,55.0,53.8,0.4242640687119285,100,200
Ran,Ran 100 18.txt,100,30,0.8,55.0,53.88,0.49558046773455466,100,200
Ran,Ran 100 18.txt,100,30,0.9,55.0,53.96,0.44542114902640173,100,200
Ran,Ran 250 1.txt,250,25,0.1,60.0,57.87,0.7301369734508725,100,200
Ran,Ran 250 1.txt,250,25,0.2,60.0,57.99,0.6999285677838847,100,200
Ran,Ran 250 1.txt,250,25,0.3,60.0,57.97,0.6701492371106603,100,200
Ran,Ran 250 1.txt,250,25,0.4,60.0,58.07,0.7906326580656784,100,200
Ran,Ran 250 1.txt,250,25,0.5,59.0,58.02,0.6925315877272314,100,200
Ran,Ran 250 1.txt,250,25,0.6,60.0,57.98,0.7613146524269713,100,200
Ran,Ran 250 1.txt,250,25,0.7,60.0,58.05,0.7399324293474371,100,200
Ran,Ran 250 1.txt,250,25,0.8,60.0,58.23,0.7050531894828929,100,200
Ran,Ran 250 1.txt,250,25,0.9,60.0,58.14,0.7073895673530958,100,200
Ran,Ran 250 10.txt,250,25,0.1,59.0,57.62,0.79724525711979,100,200
Ran,Ran 250 10.txt,250,25,0.2,60.0,57.84,0.8452218643646175,100,200
Ran,Ran 250 10.txt,250,25,0.3,60.0,57.86,0.7351190379795642,100,200
Ran,Ran 250 10.txt,250,25,0.4,60.0,58.02,0.7997499609252882,100,200
Ran,Ran 250 10.txt,250,25,0.5,60.0,58.02,0.720832851637604,100,200
Ran,Ran 250 10.txt,250,25,0.6,60.0,58.06,0.7186097689288673,100,200
Ran,Ran 250 10.txt,250,25,0.7,59.0,58.05,0.5894913061275798,100,200
Ran,Ran 250 10.txt,250,25,0.8,60.0,58.25,0.6837397165588671,100,200
Ran,Ran 250 10.txt,250,25,0.9,60.0,58.04,0.7735631842325487,100,200
Ran,Ran 250 11.txt,250,25,0.1,60.0,57.95,0.792148975887743,100,200
Ran,Ran 250 11.txt,250,25,0.2,60.0,58.01,0.7809609465267774,100,200
Ran,Ran 250 11.txt,250,25,0.3,60.0,58.06,0.8464041587799531,100,200
Ran,Ran 250 11.txt,250,25,0.4,60.0,58.14,0.8487638069569178,100,200
Ran,Ran 250 11.txt,250,25,0.5,60.0,58.16,0.8912911982062877,100,200
Ran,Ran 250 11.txt,250,25,0.6,61.0,58.18,0.7922120928135343,100,200
Ran,Ran 250 11.txt,250,25,0.7,60.0,58.3,0.8544003745317531,100,200
Ran,Ran 250 11.txt,250,25,0.8,60.0,58.15,0.82915619758885,100,200
Ran,Ran 250 11.txt,250,25,0.9,60.0,58.24,0.708801805866774,100,200
Ran,Ran 250 12.txt,250,25,0.1,60.0,57.94,0.9676776322722356,100,200
Ran,Ran 250 12.txt,250,25,0.2,60.0,58.08,0.7573638491504595,100,200
Ran,Ran 250 12.txt,250,25,0.3,60.0,58.25,0.792148975887743,100,200
Ran,Ran 250 12.txt,250,25,0.4,61.0,58.16,0.7709734106958553,100,200
Ran,Ran 250 12.txt,250,25,0.5,60.0,58.28,0.9064215354899728,100,200
Ran,Ran 250 12.txt,250,25,0.6,60.0,58.46,0.8416650165000326,100,200
Ran,Ran 250 12.txt,250,25,0.7,60.0,58.47,0.8301204731844649,100,200
Ran,Ran 250 12.txt,250,25,0.8,60.0,58.47,0.8538735269347563,100,200
Ran,Ran 250 12.txt,250,25,0.9,60.0,58.44,0.7116178749862878,100,200
Ran,Ran 250 13.txt,250,25,0.1,59.0,57.76,0.749933330370107,100,200
Ran,Ran 250 13.txt,250,25,0.2,59.0,58.01,0.7809609465267774,100,200
Ran,Ran 250 13.txt,250,25,0.3,60.0,58.03,0.6993568473962345,100,200
Ran,Ran 250 13.txt,250,25,0.4,60.0,58.18,0.7794870107962031,100,200
Ran,Ran 250 13.txt,250,25,0.5,60.0,58.27,0.7050531894828929,100,200
Ran,Ran 250 13.txt,250,25,0.6,60.0,58.25,0.6689544080129826,100,200
Ran,Ran 250 13.txt,250,25,0.7,60.0,58.15,0.7664854858377946,100,200
Ran,Ran 250 13.txt,250,25,0.8,60.0,58.1,0.818535277187245,100,200
Ran,Ran 250 13.txt,250,25,0.9,59.0,58.12,0.7249827584156743,100,200
Ran,Ran 250 14.txt,250,25,0.1,60.0,57.96,0.8357032966310471,100,200
Ran,Ran 250 14.txt,250,25,0.2,60.0,57.85,0.8046738469715541,100,200
Ran,Ran 250 14.txt,250,25,0.3,60.0,57.93,0.7778817390837761,100,200
Ran,Ran 250 14.txt,250,25,0.4,59.0,57.93,0.7246378405796926,100,200
Ran,Ran 250 14.txt,250,25,0.5,60.0,58.13,0.5771481612203231,100,200
Ran,Ran 250 14.txt,250,25,0.6,60.0,58.02,0.6779380502671317,100,200
Ran,Ran 250 14.txt,250,25,0.7,60.0,58.18,0.7533923280734945,100,200
Ran,Ran 250 14.txt,250,25,0.8,60.0,58.18,0.712460525222275,100,200
Ran,Ran 250 14.txt,250,25,0.9,59.0,58.13,0.6878226515607058,100,200
Ran,Ran 250 15.txt,250,25,0.1,59.0,57.88,0.7110555533852471,100,200
Ran,Ran 250 15.txt,250,25,0.2,60.0,57.97,0.7273926037567333,100,200
Ran,Ran 250 15.txt,250,25,0.3,60.0,57.92,0.8084553172563095,100,200
Ran,Ran 250 15.txt,250,25,0.4,60.0,58.04,0.7059745037889116,100,200
Ran,Ran 250 15.txt,250,25,0.5,60.0,58.06,0.8101851640211637,100,200
Ran,Ran 250 15.txt,250,25,0.6,60.0,58.2,0.7874007874011811,100,200
Ran,Ran 250 15.txt,250,25,0.7,60.0,58.13,0.7022107945624305,100,200
Ran,Ran 250 15.txt,250,25,0.8,60.0,58.21,0.7654410493303844,100,200
Ran,Ran 250 15.txt,250,25,0.9,60.0,58.15,0.7123903424387503,100,200
Ran,Ran 250 16.txt,250,25,0.1,61.0,57.95,0.8411301920630361,100,200
Ran,Ran 250 16.txt,250,25,0.2,60.0,58.02,0.8829496021857646,100,200
Ran,Ran 250 16.txt,250,25,0.3,60.0,57.8,0.7615773105863908,100,200
Ran,Ran 250 16.txt,250,25,0.4,60.0,58.13,0.7437069315261221,100,200
Ran,Ran 250 16.txt,250,25,0.5,61.0,58.07,0.8860586888011426,100,200
Ran,Ran 250 16.txt,250,25,0.6,60.0,58.26,0.7017121917139534,100,200
Ran,Ran 250 16.txt,250,25,0.7,60.0,58.15,0.6837397165588671,100,200
Ran,Ran 250 16.txt,250,25,0.8,60.0,58.25,0.8046738469715541,100,200
Ran,Ran 250 16.txt,250,25,0.9,60.0,58.26,0.7565712127751095,100,200
Ran,Ran 250 17.txt,250,25,0.1,60.0,57.81,0.7835177087979569,100,200
Ran,Ran 250 17.txt,250,25,0.2,60.0,58.05,0.7794228634059948,100,200
Ran,Ran 250 17.txt,250,25,0.3,60.0,57.98,0.86,100,200
Ran,Ran 250 17.txt,250,25,0.4,60.0,58.08,0.8795453370918409,100,200
Ran,Ran 250 17.txt,250,25,0.5,60.0,58.11,0.8472897969408105,100,200
Ran,Ran 250 17.txt,250,25,0.6,60.0,58.2,0.6782329983125268,100,200
Ran,Ran 250 17.txt,250,25,0.7,60.0,58.2,0.7211102550927979,100,200
Ran,Ran 250 17.txt,250,25,0.8,60.0,58.23,0.6140846847137617,100,200
Ran,Ran 250 17.txt,250,25,0.9,59.0,58.21,0.7251896303726357,100,200
Ran,Ran 250 18.txt,250,25,0.1,59.0,57.68,0.8704022058795577,100,200
Ran,Ran 250 18.txt,250,25,0.2,60.0,57.88,0.6823488843692792,100,200
Ran,Ran 250 18.txt,250,25,0.3,59.0,57.9,0.818535277187245,100,200
Ran,Ran 250 18.txt,250,25,0.4,60.0,58.0,0.8,100,200
Ran,Ran 250 18.txt,250,25,0.5,60.0,57.96,0.7989993742175272,100,200
Ran,Ran 250 18.txt,250,25,0.6,60.0,57.92,0.7704544113703289,100,200
Ran,Ran 250 18.txt,250,25,0.7,61.0,57.96,0.8593020423576334,100,200
Ran,Ran 250 18.txt,250,25,0.8,60.0,58.02,0.7345747068882783,100,200
Ran,Ran 250 18.txt,250,25,0.9,60.0,58.23,0.8585452812752511,100,200
Ran,Ran 250 1.txt,250,75,0.1,51.0,51.0,0.0,100,200
Ran,Ran 250 1.txt,250,75,0.2,51.0,51.0,0.0,100,200
Ran,Ran 250 1.txt,250,75,0.3,51.0,51.0,0.0,100,200
Ran,Ran 250 1.txt,250,75,0.4,51.0,51.0,0.0,100,200
Ran,Ran 250 1.txt,250,75,0.5,51.0,51.0,0.0,100,200
Ran,Ran 250 1.txt,250,75,0.6,51.0,51.0,0.0,100,200
Ran,Ran 250 1.txt,250,75,0.7,51.0,51.0,0.0,100,200
Ran,Ran 250 1.txt,250,75,0.8,51.0,51.0,0.0,100,200
Ran,Ran 250 1.txt,250,75,0.9,51.0,51.0,0.0,100,200
Ran,Ran 250 10.txt,250,75,0.1,51.0,51.0,0.0,100,200
Ran,Ran 250 10.txt,250,75,0.2,52.0,51.01,0.099498743710662,100,200
Ran,Ran 250 10.txt,250,75,0.3,52.0,51.01,0.099498743710662,100,200
Ran,Ran 250 10.txt,250,75,0.4,51.0,51.0,0.0,100,200
Ran,Ran 250 10.txt,250,75,0.5,52.0,51.01,0.099498743710662,100,200
Ran,Ran 250 10.txt,250,75,0.6,51.0,51.0,0.0,100,200
Ran,Ran 250 10.txt,250,75,0.7,51.0,51.0,0.0,100,200
Ran,Ran 250 10.txt,250,75,0.8,51.0,51.0,0.0,100,200
Ran,Ran 250 10.txt,250,75,0.9,52.0,51.02,0.14,100,200
Ran,Ran 250 11.txt,250,75,0.1,52.0,51.01,0.099498743710662,100,200
Ran,Ran 250 11.txt,250,75,0.2,52.0,51.02,0.14,100,200
Ran,Ran 250 11.txt,250,75,0.3,52.0,51.01,0.099498743710662,100,200
Ran,Ran 250 11.txt,250,75,0.4,52.0,51.01,0.099498743710662,100,200
Ran,Ran 250 11.txt,250,75,0.5,52.0,51.01,0.099498743710662,100,200
Ran,Ran 250 11.txt,250,75,0.6,51.0,51.0,0.0,100,200
Ran,Ran 250 11.txt,250,75,0.7,52.0,51.01,0.099498743710662,100,200
Ran,Ran 250 11.txt,250,75,0.8,51.0,51.0,0.0,100,200
Ran,Ran 250 11.txt,250,75,0.9,52.0,51.02,0.14,100,200
Ran,Ran 250 12.txt,250,75,0.1,52.0,51.01,0.099498743710662,100,200
Ran,Ran 250 12.txt,250,75,0.2,51.0,51.0,0.0,100,200
Ran,Ran 250 12.txt,250,75,0.3,52.0,51.01,0.099498743710662,100,200
Ran,Ran 250 12.txt,250,75,0.4,52.0,51.01,0.099498743710662,100,200
Ran,Ran 250 12.txt,250,75,0.5,51.0,51.0,0.0,100,200
Ran,Ran 250 12.txt,250,75,0.6,51.0,51.0,0.0,100,200
Ran,Ran 250 12.txt,250,75,0.7,52.0,51.01,0.099498743710662,100,200
Ran,Ran 250 12.txt,250,75,0.8,51.0,51.0,0.0,100,200
Ran,Ran 250 12.txt,250,75,0.9,52.0,51.01,0.099498743710662,100,200
Ran,Ran 250 13.txt,250,75,0.1,51.0,51.0,0.0,100,200
Ran,Ran 250 13.txt,250,75,0.2,51.0,51.0,0.0,100,200
Ran,Ran 250 13.txt,250,75,0.3,51.0,51.0,0.0,100,200
Ran,Ran 250 13.txt,250,75,0.4,51.0,51.0,0.0,100,200
Ran,Ran 250 13.txt,250,75,0.5,51.0,51.0,0.0,100,200
Ran,Ran 250 13.txt,250,75,0.6,52.0,51.01,0.099498743710662,100,200
Ran,Ran 250 13.txt,250,75,0.7,51.0,51.0,0.0,100,200
Ran,Ran 250 13.txt,250,75,0.8,51.0,51.0,0.0,100,200
Ran,Ran 250 13.txt,250,75,0.9,52.0,51.02,0.14,100,200
Ran,Ran 250 14.txt,250,75,0.1,51.0,51.0,0.0,100,200
Ran,Ran 250 14.txt,250,75,0.2,51.0,51.0,0.0,100,200
Ran,Ran 250 14.txt,250,75,0.3,51.0,51.0,0.0,100,200
Ran,Ran 250 14.txt,250,75,0.4,51.0,51.0,0.0,100,200
Ran,Ran 250 14.txt,250,75,0.5,51.0,51.0,0.0,100,200
Ran,Ran 250 14.txt,250,75,0.6,52.0,51.01,0.099498743710662,100,200
Ran,Ran 250 14.txt,250,75,0.7,51.0,51.0,0.0,100,200
Ran,Ran 250 14.txt,250,75,0.8,51.0,51.0,0.0,100,200
Ran,Ran 250 14.txt,250,75,0.9,52.0,51.01,0.099498743710662,100,200
Ran,Ran 250 15.txt,250,75,0.1,51.0,51.0,0.0,100,200
Ran,Ran 250 15.txt,250,75,0.2,51.0,51.0,0.0,100,200
Ran,Ran 250 15.txt,250,75,0.3,51.0,51.0,0.0,100,200
Ran,Ran 250 15.txt,250,75,0.4,51.0,51.0,0.0,100,200
Ran,Ran 250 15.txt,250,75,0.5,51.0,51.0,0.0,100,200
Ran,Ran 250 15.txt,250,75,0.6,51.0,51.0,0.0,100,200
Ran,Ran 250 15.txt,250,75,0.7,51.0,51.0,0.0,100,200
Ran,Ran 250 15.txt,250,75,0.8,51.0,51.0,0.0,100,200
Ran,Ran 250 15.txt,250,75,0.9,51.0,51.0,0.0,100,200
Ran,Ran 250 16.txt,250,75,0.1,51.0,51.0,0.0,100,200
Ran,Ran 250 16.txt,250,75,0.2,52.0,51.01,0.099498743710662,100,200
Ran,Ran 250 16.txt,250,75,0.3,51.0,51.0,0.0,100,200
Ran,Ran 250 16.txt,250,75,0.4,52.0,51.01,0.099498743710662,100,200
Ran,Ran 250 16.txt,250,75,0.5,51.0,51.0,0.0,100,200
Ran,Ran 250 16.txt,250,75,0.6,52.0,51.01,0.099498743710662,100,200
Ran,Ran 250 16.txt,250,75,0.7,52.0,51.03,0.1705872210923198,100,200
Ran,Ran 250 16.txt,250,75,0.8,51.0,51.0,0.0,100,200
Ran,Ran 250 16.txt,250,75,0.9,52.0,51.01,0.099498743710662,100,200
Ran,Ran 250 17.txt,250,75,0.1,51.0,51.0,0.0,100,200
Ran,Ran 250 17.txt,250,75,0.2,51.0,51.0,0.0,100,200
Ran,Ran 250 17.txt,250,75,0.3,52.0,51.01,0.099498743710662,100,200
Ran,Ran 250 17.txt,250,75,0.4,51.0,51.0,0.0,100,200
Ran,Ran 250 17.txt,250,75,0.5,51.0,51.0,0.0,100,200
Ran,Ran 250 17.txt,250,75,0.6,51.0,51.0,0.0,100,200
Ran,Ran 250 17.txt,250,75,0.7,51.0,51.0,0.0,100,200
Ran,Ran 250 17.txt,250,75,0.8,52.0,51.01,0.099498743710662,100,200
Ran,Ran 250 17.txt,250,75,0.9,51.0,51.0,0.0,100,200
Ran,Ran 250 18.txt,250,75,0.1,51.0,51.0,0.0,100,200
Ran,Ran 250 18.txt,250,75,0.2,51.0,51.0,0.0,100,200
Ran,Ran 250 18.txt,250,75,0.3,51.0,51.0,0.0,100,200
Ran,Ran 250 18.txt,250,75,0.4,51.0,51.0,0.0,100,200
Ran,Ran 250 18.txt,250,75,0.5,51.0,51.0,0.0,100,200
Ran,Ran 250 18.txt,250,75,0.6,51.0,51.0,0.0,100,200
Ran,Ran 250 18.txt,250,75,0.7,51.0,51.0,0.0,100,200
Ran,Ran 250 18.txt,250,75,0.8,52.0,51.01,0.099498743710662,100,200
Ran,Ran 250 18.txt,250,75,0.9,51.0,51.0,0.0,100,200
