dataset,instance,n,m,constructive,local_search,best_method_of,best_global_of,relative_dev,is_best,avg_time_per_iter,avg_of,std_of,iters,alpha_teua,beta
Geo,Geo 100 1.txt,100,10,CGR,BLS,89.25464766392196,89.37009359869798,0.0012917736809632413,0,0.001304845999693498,82.3604894966863,3.5794567548814498,100,0.1,
Geo,Geo 100 1.txt,100,10,CGR,FLS,89.37009359869798,89.37009359869798,0.0,1,0.01270499499863945,87.15296293818601,2.11639239700017,100,0.1,
Geo,Geo 100 1.txt,100,10,CGR2,BLS,89.37009359869798,89.37009359869798,0.0,1,0.0016033759992569686,82.7668935889351,4.123385495795126,100,,0.9
Geo,Geo 100 1.txt,100,10,CGR2,FLS,89.37009359869798,89.37009359869798,0.0,1,0.009123361998354085,86.88673859048225,1.9142703907437593,100,,0.9
Geo,Geo 100 2.txt,100,10,CGR,BLS,95.38475588784836,96.65720822177802,0.013164588108214833,0,0.0012703070015413686,88.88140939094464,2.5729789275925525,100,0.1,
Geo,Geo 100 2.txt,100,10,CGR,FLS,96.65720822177802,96.65720822177802,0.0,1,0.008655396996764465,93.25592300088259,1.7985838406844907,100,0.1,
Geo,Geo 100 2.txt,100,10,CGR2,BLS,94.28174365482153,96.65720822177802,0.024576176062379534,0,0.0009557609987678006,88.56774673748924,2.2630530585632815,100,,0.9
Geo,Geo 100 2.txt,100,10,CGR2,FLS,96.65720822177802,96.65720822177802,0.0,1,0.00537715100159403,92.52092510263384,2.082211150763177,100,,0.9
Geo,Geo 100 3.txt,100,10,CGR,BLS,76.23324894595311,76.45274080588156,0.002870948217353743,0,0.0011436760006472467,68.25029901121033,3.251890467769889,100,0.1,
Geo,Geo 100 3.txt,100,10,CGR,FLS,76.45274080588156,76.45274080588156,0.0,1,0.0073526220058556645,73.10345710743437,2.317281437215448,100,0.1,
Geo,Geo 100 3.txt,100,10,CGR2,BLS,76.45274080588156,76.45274080588156,0.0,1,0.0010017830005381255,67.58943201640623,3.4906559217471123,100,,0.9
Geo,Geo 100 3.txt,100,10,CGR2,FLS,76.45274080588156,76.45274080588156,0.0,1,0.0062216349964728575,73.21465621088258,2.380141795242221,100,,0.9
Geo,Geo 100 4.txt,100,10,CGR,BLS,101.76248227360219,103.00551627178258,0.01206764494923377,0,0.0011572590033756569,97.2573147231204,3.481825201259486,100,0.1,
Geo,Geo 100 4.txt,100,10,CGR,FLS,103.00551627178258,103.00551627178258,0.0,1,0.007104240003391169,100.7450762202942,1.7097433429177273,100,0.1,
Geo,Geo 100 4.txt,100,10,CGR2,BLS,102.73864748679121,103.00551627178258,0.0025908203235177614,0,0.0008859200024744496,96.53729579451094,3.3357922155639703,100,,0.9
Geo,Geo 100 4.txt,100,10,CGR2,FLS,103.00551627178258,103.00551627178258,0.0,1,0.006737993999267928,100.37013824853516,2.0518584257901473,100,,0.9
Geo,Geo 100 5.txt,100,10,CGR,BLS,119.06516730693068,119.71817657120152,0.005454554044953041,0,0.0011122269986663014,110.51118176995233,3.608985490597706,100,0.1,
Geo,Geo 100 5.txt,100,10,CGR,FLS,119.71817657120152,119.71817657120152,0.0,1,0.007965614997083321,115.89293642612458,2.7141723560799598,100,0.1,
Geo,Geo 100 5.txt,100,10,CGR2,BLS,116.78063912192103,119.71817657120152,0.02453710483581763,0,0.001301992004737258,110.10447093619217,3.516785203361386,100,,0.9
Geo,Geo 100 5.txt,100,10,CGR2,FLS,119.71817657120152,119.71817657120152,0.0,1,0.007560595006216317,116.57412724842463,2.3539648979450543,100,,0.9
Geo,Geo 100 6.txt,100,10,CGR,BLS,36.52406610024951,36.52406610024951,0.0,1,0.0012880449986550956,31.03218467466344,2.1028284779515327,100,0.1,
Geo,Geo 100 6.txt,100,10,CGR,FLS,36.52406610024951,36.52406610024951,0.0,1,0.009854963999823668,34.22699301664467,2.1399360028629624,100,0.1,
Geo,Geo 100 6.txt,100,10,CGR2,BLS,34.38668758615407,36.52406610024951,0.05851973075037349,0,0.0011404759978177025,31.02788168945149,1.7286011444362352,100,,0.9
Geo,Geo 100 6.txt,100,10,CGR2,FLS,36.52406610024951,36.52406610024951,0.0,1,0.007314493002486416,34.14596544261563,1.8552162134337717,100,,0.9
Geo,Geo 100 7.txt,100,10,CGR,BLS,185.49516476021367,189.20910948327403,0.01962878390582286,0,0.001048090000404045,180.20429555170315,2.981285844340112,100,0.1,
Geo,Geo 100 7.txt,100,10,CGR,FLS,189.20910948327403,189.20910948327403,0.0,1,0.006394456996931694,184.69271270042245,2.702420187091087,100,0.1,
Geo,Geo 100 7.txt,100,10,CGR2,BLS,188.19356482583387,189.20910948327403,0.005367313763135347,0,0.0010579520039027557,180.4844940221137,2.6946961808293497,100,,0.9
Geo,Geo 100 7.txt,100,10,CGR2,FLS,189.20910948327403,189.20910948327403,0.0,1,0.005642490999307483,184.2702765613514,2.3943211037199923,100,,0.9
Geo,Geo 100 8.txt,100,10,CGR,BLS,110.0244160784281,110.0244160784281,0.0,1,0.001031025002594106,101.74362829641532,3.0807907949747464,100,0.1,
Geo,Geo 100 8.txt,100,10,CGR,FLS,109.84826242772482,110.0244160784281,0.0016010414504514863,0,0.006608372001210228,106.1223575924145,2.615631812616541,100,0.1,
Geo,Geo 100 8.txt,100,10,CGR2,BLS,107.60232956260188,110.0244160784281,0.02201408198430883,0,0.0008230199979152531,101.11577519571634,2.6865143072336193,100,,0.9
Geo,Geo 100 8.txt,100,10,CGR2,FLS,110.0244160784281,110.0244160784281,0.0,1,0.005336232997942716,105.98268359327838,2.906634683155092,100,,0.9
Geo,Geo 100 9.txt,100,10,CGR,BLS,141.2358864095616,141.2358864095616,0.0,1,0.001069282004609704,133.59263147637432,2.7266996060141215,100,0.1,
Geo,Geo 100 9.txt,100,10,CGR,FLS,141.2358864095616,141.2358864095616,0.0,1,0.006425998997292482,138.03989123652292,2.319135749846482,100,0.1,
Geo,Geo 100 9.txt,100,10,CGR2,BLS,141.2358864095616,141.2358864095616,0.0,1,0.0008923479996155948,133.16034512113677,3.118601845244611,100,,0.9
Geo,Geo 100 9.txt,100,10,CGR2,FLS,141.2358864095616,141.2358864095616,0.0,1,0.00557293799938634,137.77833910794598,2.7411363873823253,100,,0.9
Geo,Geo 100 10.txt,100,10,CGR,BLS,163.092643155372,163.6755990871439,0.003561654486210344,0,0.001160701997578144,157.99545734979435,3.502340313274209,100,0.1,
Geo,Geo 100 10.txt,100,10,CGR,FLS,163.6755990871439,163.6755990871439,0.0,1,0.006812546999426559,161.61816476387318,1.0685595674128436,100,0.1,
Geo,Geo 100 10.txt,100,10,CGR2,BLS,163.6755990871439,163.6755990871439,0.0,1,0.0008862679987214505,158.16305960578504,3.164677273014234,100,,0.9
Geo,Geo 100 10.txt,100,10,CGR2,FLS,163.6755990871439,163.6755990871439,0.0,1,0.005346528998343274,161.75407925531044,1.0387772166905447,100,,0.9
Geo,Geo 100 11.txt,100,30,CGR,BLS,100.4601763301241,102.19418556229365,0.016967787576452377,0,0.003290076000848785,96.01945308292073,1.441707892691954,100,0.1,
Geo,Geo 100 11.txt,100,30,CGR,FLS,102.19418556229365,102.19418556229365,0.0,1,0.03576479399867821,98.93210307114967,1.621112719091317,100,0.1,
Geo,Geo 100 11.txt,100,30,CGR2,BLS,98.46650887493699,102.19418556229365,0.03647640682144694,0,0.0022598600055789577,96.3811166634592,1.4570782620952574,100,,0.9
Geo,Geo 100 11.txt,100,30,CGR2,FLS,102.19418556229365,102.19418556229365,0.0,1,0.021698998999781907,98.74566960940281,1.7156346176491168,100,,0.9
Geo,Geo 100 12.txt,100,30,CGR,BLS,115.50761493917048,116.5258953106522,0.008738661640548121,0,0.0020283279987052083,112.88222607749853,0.9724240677095564,100,0.1,
Geo,Geo 100 12.txt,100,30,CGR,FLS,116.5258953106522,116.5258953106522,0.0,1,0.019796089000301435,114.64010667666714,1.0771104443028587,100,0.1,
Geo,Geo 100 12.txt,100,30,CGR2,BLS,115.32793203143953,116.5258953106522,0.010280661444556697,0,0.0013414440036285669,112.72301921361623,1.1460707768578025,100,,0.9
Geo,Geo 100 12.txt,100,30,CGR2,FLS,116.5258953106522,116.5258953106522,0.0,1,0.017432832996710203,114.95968191115625,1.1174804719866154,100,,0.9
Geo,Geo 100 13.txt,100,30,CGR,BLS,28.581682142887107,29.83045137845435,0.04186223063554414,0,0.0013836230000015349,26.210875341173168,0.907459199014685,100,0.1,
Geo,Geo 100 13.txt,100,30,CGR,FLS,29.69378617724735,29.83045137845435,0.004581399036613561,0,0.04014515700226184,27.960477333117765,0.7462605583778334,100,0.1,
Geo,Geo 100 13.txt,100,30,CGR2,BLS,27.834947749321103,29.83045137845435,0.06689485196910361,0,0.0016090170020470395,26.447445643981524,0.6354941409684627,100,,0.9
Geo,Geo 100 13.txt,100,30,CGR2,FLS,29.83045137845435,29.83045137845435,0.0,1,0.02641482000122778,27.88498101026312,0.7518126335844599,100,,0.9
Geo,Geo 100 14.txt,100,30,CGR,BLS,53.86866680829135,54.08348170590176,0.00397191325030704,0,0.0018363120005233213,50.77451376759145,1.6597108001010292,100,0.1,
Geo,Geo 100 14.txt,100,30,CGR,FLS,54.08348170590176,54.08348170590176,0.0,1,0.023023861998226494,53.29776328716794,0.7799951793325972,100,0.1,
Geo,Geo 100 14.txt,100,30,CGR2,BLS,54.08348170590176,54.08348170590176,0.0,1,0.0014774320012656973,51.31910400195156,1.704016655112354,100,,0.9
Geo,Geo 100 14.txt,100,30,CGR2,FLS,54.08348170590176,54.08348170590176,0.0,1,0.020624625001219102,53.096014325807595,1.0681835016392696,100,,0.9
Geo,Geo 100 15.txt,100,30,CGR,BLS,144.47778671245527,144.47778671245527,0.0,1,0.002434308003867045,140.36700158050368,1.8771269612513692,100,0.1,
Geo,Geo 100 15.txt,100,30,CGR,FLS,144.47778671245527,144.47778671245527,0.0,1,0.024167473001289182,143.69763205568978,1.1461753227701201,100,0.1,
Geo,Geo 100 15.txt,100,30,CGR2,BLS,144.47778671245527,144.47778671245527,0.0,1,0.0016064110002480447,140.77598647115943,1.8462636386538018,100,,0.9
Geo,Geo 100 15.txt,100,30,CGR2,FLS,144.47778671245527,144.47778671245527,0.0,1,0.020147334000794218,143.26056823479172,1.3537748909755345,100,,0.9
Geo,Geo 100 16.txt,100,30,CGR,BLS,122.16206905385819,122.37612756776825,0.0017491852223508347,0,0.0018926349974935875,119.1933859034361,2.002594418434087,100,0.1,
Geo,Geo 100 16.txt,100,30,CGR,FLS,122.37612756776825,122.37612756776825,0.0,1,0.020829841995146127,121.56997025710442,0.6547804277343117,100,0.1,
Geo,Geo 100 16.txt,100,30,CGR2,BLS,121.88865000780689,122.37612756776825,0.003983436718010318,0,0.0015008120017591864,119.37680108290893,1.9560661305828482,100,,0.9
Geo,Geo 100 16.txt,100,30,CGR2,FLS,122.37612756776825,122.37612756776825,0.0,1,0.01794926600297913,121.40601823927746,0.633202921769571,100,,0.9
Geo,Geo 100 17.txt,100,30,CGR,BLS,130.05607286916972,130.34825145332064,0.002241522850466088,0,0.0019350480037974194,125.86830172303085,1.7698114032430026,100,0.1,
Geo,Geo 100 17.txt,100,30,CGR,FLS,130.34825145332064,130.34825145332064,0.0,1,0.02114126999571454,128.79164889538757,1.6357512427591863,100,0.1,
Geo,Geo 100 17.txt,100,30,CGR2,BLS,130.05607286916972,130.34825145332064,0.002241522850466088,0,0.0014287450019037351,125.86509461891609,1.781677842612078,100,,0.9
Geo,Geo 100 17.txt,100,30,CGR2,FLS,130.34825145332064,130.34825145332064,0.0,1,0.018014390996540897,128.1750314474937,2.0203652975530715,100,,0.9
Geo,Geo 100 18.txt,100,30,CGR,BLS,109.42374939085835,109.86908651486671,0.004053343284583524,0,0.0021120819973293693,106.14672509332377,1.1652892447306578,100,0.1,
Geo,Geo 100 18.txt,100,30,CGR,FLS,109.42374939085835,109.86908651486671,0.004053343284583524,0,0.021906298000831156,107.71887002227876,1.0520345852504165,100,0.1,
Geo,Geo 100 18.txt,100,30,CGR2,BLS,108.55374754075628,109.86908651486671,0.011971875036318334,0,0.0013407649961300193,106.01591298580699,1.0676345436161252,100,,0.9
Geo,Geo 100 18.txt,100,30,CGR2,FLS,109.86908651486671,109.86908651486671,0.0,1,0.017508158999844453,107.59208624091683,0.9765748394139212,100,,0.9
Geo,Geo 100 19.txt,100,30,CGR,BLS,150.04738183164233,152.20673086120834,0.014186948352074168,0,0.0022717299987562002,147.47344631073315,1.2830291251377277,100,0.1,
Geo,Geo 100 19.txt,100,30,CGR,FLS,152.20673086120834,152.20673086120834,0.0,1,0.020482631996273995,149.46353932203422,0.9787755805308629,100,0.1,
Geo,Geo 100 19.txt,100,30,CGR2,BLS,150.28467199914354,152.20673086120834,0.012627949179313598,0,0.0014788440015399828,147.28821889588636,1.1771701882509753,100,,0.9
Geo,Geo 100 19.txt,100,30,CGR2,FLS,152.20673086120834,152.20673086120834,0.0,1,0.017400633004144767,149.29857278293002,1.0585804425401524,100,,0.9
Geo,Geo 100 20.txt,100,30,CGR,BLS,139.93524278956372,139.9948122818552,0.0004255121409180529,0,0.0017294099979335443,136.58205345957575,1.389135556274997,100,0.1,
Geo,Geo 100 20.txt,100,30,CGR,FLS,139.9948122818552,139.9948122818552,0.0,1,0.020683391994098202,139.1663965405263,0.985232012243995,100,0.1,
Geo,Geo 100 20.txt,100,30,CGR2,BLS,139.93524278956372,139.9948122818552,0.0004255121409180529,0,0.0014224340009968727,136.9211015512717,1.5335070387052723,100,,0.9
Geo,Geo 100 20.txt,100,30,CGR2,FLS,139.9948122818552,139.9948122818552,0.0,1,0.020163367999484764,139.30983545404575,0.8293438262207729,100,,0.9
Geo,Geo 250 1.txt,250,25,CGR,BLS,168.4879869428642,171.01069431541816,0.014751752120840947,0,0.00505205900175497,163.87579792407973,2.097597556023232,100,0.1,
Geo,Geo 250 1.txt,250,25,CGR,FLS,171.01069431541816,171.01069431541816,0.0,1,0.061956171000492756,167.7273203950923,1.5794939395336893,100,0.1,
Geo,Geo 250 1.txt,250,25,CGR2,BLS,167.75986696210578,171.01069431541816,0.019009497425444326,0,0.0028297839965671302,164.22590337236176,1.8056428648158254,100,,0.9
Geo,Geo 250 1.txt,250,25,CGR2,FLS,171.01069431541816,171.01069431541816,0.0,1,0.057527634000289256,167.71548790478485,1.4915172288844851,100,,0.9
Geo,Geo 250 2.txt,250,25,CGR,BLS,18.918460457371683,19.6953784905978,0.039446717594028624,0,0.004648944998043589,16.92269911323694,0.6724724264226798,100,0.1,
Geo,Geo 250 2.txt,250,25,CGR,FLS,19.6953784905978,19.6953784905978,0.0,1,0.07475682400166989,18.765518421446426,0.6569340346647913,100,0.1,
Geo,Geo 250 2.txt,250,25,CGR2,BLS,18.804683657472047,19.6953784905978,0.0452235448814022,0,0.003253131997771561,17.178329925070027,0.6831918403500467,100,,0.9
Geo,Geo 250 2.txt,250,25,CGR2,FLS,19.573653031054178,19.6953784905978,0.0061804072260775176,0,0.08864556499873288,18.555534920237054,0.755922095355293,100,,0.9
Geo,Geo 250 3.txt,250,25,CGR,BLS,134.5161500909902,137.7540400547108,0.02350486390406133,0,0.011651064995094202,130.63724909418343,1.7950002483855072,100,0.1,
Geo,Geo 250 3.txt,250,25,CGR,FLS,137.7540400547108,137.7540400547108,0.0,1,0.07181364099727944,134.7528170726522,1.6841431288154614,100,0.1,
Geo,Geo 250 3.txt,250,25,CGR2,BLS,134.09334342118896,137.7540400547108,0.02657415079853879,0,0.003138584996922873,130.49979976991094,1.723302843704685,100,,0.9
Geo,Geo 250 3.txt,250,25,CGR2,FLS,137.7540400547108,137.7540400547108,0.0,1,0.08232333899883088,134.26096351795462,2.1427269082721243,100,,0.9
Geo,Geo 250 4.txt,250,25,CGR,BLS,170.01052091324325,171.96108204565516,0.011343038257307765,0,0.005518208998255432,164.74651221801,1.854079458591848,100,0.1,
Geo,Geo 250 4.txt,250,25,CGR,FLS,171.96108204565516,171.96108204565516,0.0,1,0.08313015999970957,168.75505081541917,1.7877616217652545,100,0.1,
Geo,Geo 250 4.txt,250,25,CGR2,BLS,168.62552755666798,171.96108204565516,0.019397147594719166,0,0.011451635004486888,164.49818232348107,2.112146077693161,100,,0.9
Geo,Geo 250 4.txt,250,25,CGR2,FLS,171.96108204565516,171.96108204565516,0.0,1,0.13830992400413378,168.9003589106343,1.6210301693390228,100,,0.9
Geo,Geo 250 5.txt,250,25,CGR,BLS,145.75309660164416,148.63019950527033,0.01935745839811072,0,0.010529250998515635,142.68869000541815,2.032807937910402,100,0.1,
Geo,Geo 250 5.txt,250,25,CGR,FLS,148.63019950527033,148.63019950527033,0.0,1,0.13929272600042167,146.57810478273817,1.3027175669521682,100,0.1,
Geo,Geo 250 5.txt,250,25,CGR2,BLS,147.05492602105488,148.63019950527033,0.010598609767455676,0,0.005705936998128891,142.74481642454245,1.8530260974442019,100,,0.9
Geo,Geo 250 5.txt,250,25,CGR2,FLS,148.61889802491774,148.63019950527033,7.60375777614762e-05,0,0.12187792900018395,146.3945910046923,1.3957995564087209,100,,0.9
Geo,Geo 250 6.txt,250,25,CGR,BLS,97.5100397909598,99.80386662407531,0.022983346344240593,0,0.013535361996619031,93.13517173869131,1.860006172448438,100,0.1,
Geo,Geo 250 6.txt,250,25,CGR,FLS,99.80386662407531,99.80386662407531,0.0,1,0.07734433499979787,97.06916250334515,1.423391741470677,100,0.1,
Geo,Geo 250 6.txt,250,25,CGR2,BLS,97.95910535880537,99.80386662407531,0.01848386568246378,0,0.004453246002667583,93.33250445417029,1.8877965595692374,100,,0.9
Geo,Geo 250 6.txt,250,25,CGR2,FLS,99.80386662407531,99.80386662407531,0.0,1,0.06428756899898871,96.95936962192421,1.3579316638257144,100,,0.9
Geo,Geo 250 7.txt,250,25,CGR,BLS,172.54829210564836,174.7929251785253,0.01284167005377585,0,0.005718966002459638,168.7290440699241,2.095954205037201,100,0.1,
Geo,Geo 250 7.txt,250,25,CGR,FLS,174.7929251785253,174.7929251785253,0.0,1,0.08134998100053054,172.82427097901342,1.2774703800800526,100,0.1,
Geo,Geo 250 7.txt,250,25,CGR2,BLS,172.8066788027409,174.7929251785253,0.011363425457613683,0,0.01184533399879001,168.4049522881816,2.0990074421545293,100,,0.9
Geo,Geo 250 7.txt,250,25,CGR2,FLS,174.7929251785253,174.7929251785253,0.0,1,0.06597088699345477,172.65318056094424,1.4926239287884357,100,,0.9
Geo,Geo 250 8.txt,250,25,CGR,BLS,162.4943401373265,163.69254909153256,0.00731987473379772,0,0.005623298001009971,158.139338672187,1.8253365831693178,100,0.1,
Geo,Geo 250 8.txt,250,25,CGR,FLS,163.69254909153256,163.69254909153256,0.0,1,0.05441222000226844,161.11040888596844,1.3484291509532083,100,0.1,
Geo,Geo 250 8.txt,250,25,CGR2,BLS,161.23512807392837,163.69254909153256,0.015012418288080205,0,0.0029651039995951577,157.97133099862458,1.5655589122145215,100,,0.9
Geo,Geo 250 8.txt,250,25,CGR2,FLS,162.99691463973045,163.69254909153256,0.0042496402900606455,0,0.05706574300129432,160.96560933379362,1.081406067169995,100,,0.9
Geo,Geo 250 9.txt,250,25,CGR,BLS,177.09527847995244,179.17754568217686,0.011621250834174932,0,0.00724938400206156,172.91407264621247,1.6515535275517665,100,0.1,
Geo,Geo 250 9.txt,250,25,CGR,FLS,179.16270569546887,179.17754568217686,8.282280378092771e-05,0,0.06504925399494824,176.94820276410977,1.3545211184154586,100,0.1,
Geo,Geo 250 9.txt,250,25,CGR2,BLS,179.04815339917585,179.17754568217686,0.0007221456377716265,0,0.0035654260043520482,173.3956694218115,2.075072555901275,100,,0.9
Geo,Geo 250 9.txt,250,25,CGR2,FLS,179.17754568217686,179.17754568217686,0.0,1,0.056238559001358226,177.0536724299382,1.515041335982638,100,,0.9
Geo,Geo 250 10.txt,250,25,CGR,BLS,100.77107275331277,102.22717864710907,0.014243823541514548,0,0.004834292996674776,95.29881955163201,2.147492973145731,100,0.1,
Geo,Geo 250 10.txt,250,25,CGR,FLS,102.22717864710907,102.22717864710907,0.0,1,0.07307308099698276,99.43145311725021,1.7754834475177124,100,0.1,
Geo,Geo 250 10.txt,250,25,CGR2,BLS,98.76402020879114,102.22717864710907,0.03387708126302544,0,0.0028458599955774842,94.8328924751066,1.6850553650683555,100,,0.9
Geo,Geo 250 10.txt,250,25,CGR2,FLS,102.22717864710907,102.22717864710907,0.0,1,0.05339058900484815,99.12057941225541,1.7188889057970518,100,,0.9
Geo,Geo 250 11.txt,250,75,CGR,BLS,30.263797163702023,31.096463943751676,0.02677689596977356,0,0.014173947998788208,29.185638644268238,0.43648649362984177,100,0.1,
Geo,Geo 250 11.txt,250,75,CGR,FLS,31.096463943751676,31.096463943751676,0.0,1,0.45946352199825924,30.305495859394824,0.34788845165614674,100,0.1,
Geo,Geo 250 11.txt,250,75,CGR2,BLS,30.024269152960876,31.096463943751676,0.03447963706517312,0,0.00885622699104715,29.098484079116623,0.4896320413590005,100,,0.9
Geo,Geo 250 11.txt,250,75,CGR2,FLS,31.096463943751676,31.096463943751676,0.0,1,0.4277773759991396,30.121351265601913,0.4578774249540762,100,,0.9
Geo,Geo 250 12.txt,250,75,CGR,BLS,91.55622993366087,93.44226772967832,0.02018398998484944,0,0.015311396000324749,90.13653686495205,0.7042845302942211,100,0.1,
Geo,Geo 250 12.txt,250,75,CGR,FLS,93.44226772967832,93.44226772967832,0.0,1,0.4087646659987513,91.92857367554025,0.5804996612355272,100,0.1,
Geo,Geo 250 12.txt,250,75,CGR2,BLS,91.49279594934097,93.44226772967832,0.02086284748543376,0,0.008424897999502719,90.12876487914944,0.7135909911933311,100,,0.9
Geo,Geo 250 12.txt,250,75,CGR2,FLS,93.14828290081412,93.44226772967832,0.0031461653918189738,0,0.36564685900521,91.5574000789049,0.6311191827914348,100,,0.9
Geo,Geo 250 13.txt,250,75,CGR,BLS,143.38175484156824,144.81757939930426,0.00991471176145708,0,0.017153151001548395,141.69036642237245,0.617075215587827,100,0.1,
Geo,Geo 250 13.txt,250,75,CGR,FLS,144.81757939930426,144.81757939930426,0.0,1,0.4106416910002008,143.29349955943835,0.6464115462343514,100,0.1,
Geo,Geo 250 13.txt,250,75,CGR2,BLS,143.38904522283357,144.81757939930426,0.009864369936275529,0,0.00912256200273987,141.65408260558817,0.5595715336038791,100,,0.9
Geo,Geo 250 13.txt,250,75,CGR2,FLS,144.81757939930426,144.81757939930426,0.0,1,0.37026047500083226,143.2677045105861,0.779318452563139,100,,0.9
Geo,Geo 250 14.txt,250,75,CGR,BLS,69.04391270318689,70.11528640239061,0.015280172900601451,0,0.017671339000808074,67.38883438757716,0.6070260987787893,100,0.1,
Geo,Geo 250 14.txt,250,75,CGR,FLS,70.11528640239061,70.11528640239061,0.0,1,0.44245252599881496,69.16099398818369,0.5627373669846873,100,0.1,
Geo,Geo 250 14.txt,250,75,CGR2,BLS,68.65657057243291,70.11528640239061,0.020804533573266008,0,0.00922153799852822,67.4320009512725,0.6273989966109332,100,,0.9
Geo,Geo 250 14.txt,250,75,CGR2,FLS,69.87647886440534,70.11528640239061,0.003405926870422429,0,0.38827216799894815,69.1818964828519,0.5021978286123303,100,,0.9
Geo,Geo 250 15.txt,250,75,CGR,BLS,140.9167111136943,142.42867425549605,0.010615581094924076,0,0.01614949799957685,138.78963092902393,0.9684482283957904,100,0.1,
Geo,Geo 250 15.txt,250,75,CGR,FLS,142.42867425549605,142.42867425549605,0.0,1,0.5012038150028093,141.1817184298247,0.6006925189667316,100,0.1,
Geo,Geo 250 15.txt,250,75,CGR2,BLS,140.9167111136943,142.42867425549605,0.010615581094924076,0,0.009382075996836648,138.89560236553737,0.8251073318415801,100,,0.9
Geo,Geo 250 15.txt,250,75,CGR2,FLS,142.42867425549605,142.42867425549605,0.0,1,0.5665150589979021,141.09785346531748,0.5820594718863791,100,,0.9
Geo,Geo 250 16.txt,250,75,CGR,BLS,105.53528723379509,108.04585787030845,0.023236158109151184,0,0.027893807999789716,103.77831358767362,0.9183108824335418,100,0.1,
Geo,Geo 250 16.txt,250,75,CGR,FLS,107.97868953381239,108.04585787030845,0.0006216650764779139,0,0.6038908680021996,106.02473944329114,0.7591024440341492,100,0.1,
Geo,Geo 250 16.txt,250,75,CGR2,BLS,106.5309196527989,108.04585787030845,0.0140212521550617,0,0.012048894997569733,103.81557600525527,0.9594136818809368,100,,0.9
Geo,Geo 250 16.txt,250,75,CGR2,FLS,108.04585787030845,108.04585787030845,0.0,1,0.4595138679997763,105.84155433047901,0.8891886179837024,100,,0.9
Geo,Geo 250 17.txt,250,75,CGR,BLS,122.52132134171066,123.77985344503806,0.010167503582367891,0,0.021285171995987184,120.8390502648239,0.7781053830370295,100,0.1,
Geo,Geo 250 17.txt,250,75,CGR,FLS,123.77985344503806,123.77985344503806,0.0,1,0.7434137839998585,122.81732363231004,0.5849526131461898,100,0.1,
Geo,Geo 250 17.txt,250,75,CGR2,BLS,122.50568720480952,123.77985344503806,0.010293809572123192,0,0.020848869997425936,120.79502048894918,0.91419404702123,100,,0.9
Geo,Geo 250 17.txt,250,75,CGR2,FLS,123.77985344503806,123.77985344503806,0.0,1,1.1178732479992322,122.66339000455089,0.6495053286463022,100,,0.9
Geo,Geo 250 18.txt,250,75,CGR,BLS,147.6081316178694,148.76186819516758,0.007755593495132432,0,0.06232172000105493,145.18908117871715,0.9378657970843752,100,0.1,
Geo,Geo 250 18.txt,250,75,CGR,FLS,148.76186819516758,148.76186819516758,0.0,1,0.6890972719999263,147.34044478164952,0.6083181926906124,100,0.1,
Geo,Geo 250 18.txt,250,75,CGR2,BLS,147.26788924188722,148.76186819516758,0.01004275471534373,0,0.011949352998635731,144.96279328896816,0.8472170501503435,100,,0.9
Geo,Geo 250 18.txt,250,75,CGR2,FLS,148.38600363386203,148.76186819516758,0.002526618990912602,0,0.5637846430006903,147.19967833044186,0.6604206058371859,100,,0.9
Geo,Geo 250 19.txt,250,75,CGR,BLS,132.60832517694763,134.28687171495886,0.012499706907866344,0,0.031174987002741544,131.50020867035232,0.5596060555868274,100,0.1,
Geo,Geo 250 19.txt,250,75,CGR,FLS,134.28687171495886,134.28687171495886,0.0,1,0.6547251200000755,132.8375579647888,0.5440332436696554,100,0.1,
Geo,Geo 250 19.txt,250,75,CGR2,BLS,132.49374012814798,134.28687171495886,0.01335299246985989,0,0.008545373000088148,131.38799320480337,0.6340011082735905,100,,0.9
Geo,Geo 250 19.txt,250,75,CGR2,FLS,133.80656975886208,134.28687171495886,0.003576685866331623,0,0.5111382820009021,132.60726782976576,0.5570717757010967,100,,0.9
Geo,Geo 250 20.txt,250,75,CGR,BLS,145.76668390220794,147.8319546269661,0.013970394492649408,0,0.02494762199872639,143.75854915538434,0.9704277924364539,100,0.1,
Geo,Geo 250 20.txt,250,75,CGR,FLS,147.8319546269661,147.8319546269661,0.0,1,0.7937985309987562,146.16596831156713,0.7814523262691097,100,0.1,
Geo,Geo 250 20.txt,250,75,CGR2,BLS,145.54668311503062,147.8319546269661,0.015458576041303546,0,0.012076833999017253,143.56572379460854,0.7961116594871325,100,,0.9
Geo,Geo 250 20.txt,250,75,CGR2,FLS,147.8319546269661,147.8319546269661,0.0,1,0.6330956780031556,145.8860830820287,0.8230494336642358,100,,0.9
Geo,Geo 500 1.txt,500,50,CGR,BLS,121.786632273952,123.2288282479397,0.011703397609899944,0,0.04073511400027201,119.52645887437355,1.0027146881343054,100,0.1,
Geo,Geo 500 1.txt,500,50,CGR,FLS,123.22420603926966,123.2288282479397,3.7509150543430264e-05,0,0.9761653500009561,122.0128252837483,0.6994801602717774,100,0.1,
Geo,Geo 500 1.txt,500,50,CGR2,BLS,121.84434175678261,123.2288282479397,0.011235086065830855,0,0.0204410540004028,119.5546094922002,0.9203214143410009,100,,0.9
Geo,Geo 500 1.txt,500,50,CGR2,FLS,123.2288282479397,123.2288282479397,0.0,1,0.7493887769989669,121.8600955287909,0.6129693720861126,100,,0.9
Geo,Geo 500 2.txt,500,50,CGR,BLS,12.2132822517458,13.37631239742628,0.08694699339589716,0,0.032206952002597974,11.43429652108518,0.3234909332184021,100,0.1,
Geo,Geo 500 2.txt,500,50,CGR,FLS,13.37631239742628,13.37631239742628,0.0,1,1.371546287999954,12.523837338769088,0.3444318920661652,100,0.1,
Geo,Geo 500 2.txt,500,50,CGR2,BLS,12.012357807601324,13.37631239742628,0.10196790784337492,0,0.01959841899573803,11.393876450002598,0.3163050155694835,100,,0.9
Geo,Geo 500 2.txt,500,50,CGR2,FLS,13.254054104589134,13.37631239742628,0.009139910104123355,0,1.4272290100029204,12.396026785624919,0.3523763117967801,100,,0.9
Geo,Geo 500 3.txt,500,50,CGR,BLS,162.411325318363,164.12983375422462,0.010470420864710032,0,0.03459034000057727,159.17182700560153,1.2693069785041715,100,0.1,
Geo,Geo 500 3.txt,500,50,CGR,FLS,164.12983375422462,164.12983375422462,0.0,1,1.1455202869983623,161.9671367603818,0.8695109404819321,100,0.1,
Geo,Geo 500 3.txt,500,50,CGR2,BLS,162.38195595498476,164.12983375422462,0.010649360687571338,0,0.01965791100228671,159.53815761566662,1.074154344315227,100,,0.9
Geo,Geo 500 3.txt,500,50,CGR2,FLS,163.77191015352687,164.12983375422462,0.00218073455940811,0,0.7682354449987179,161.8905999045356,0.8761143000520982,100,,0.9
Geo,Geo 500 4.txt,500,50,CGR,BLS,128.77420911528085,131.03635966034628,0.017263533197419766,0,0.03813361699867528,125.75991456686045,1.1321827553007002,100,0.1,
Geo,Geo 500 4.txt,500,50,CGR,FLS,131.03635966034628,131.03635966034628,0.0,1,0.912459909999161,129.43219720253649,0.6601187363040634,100,0.1,
Geo,Geo 500 4.txt,500,50,CGR2,BLS,128.41021512850628,131.03635966034628,0.020041342255287878,0,0.022154324995935896,125.9893425999366,1.1491183800835116,100,,0.9
Geo,Geo 500 4.txt,500,50,CGR2,FLS,131.03635966034628,131.03635966034628,0.0,1,0.8602501439995831,129.30058657334655,0.9468991941160837,100,,0.9
Geo,Geo 500 5.txt,500,50,CGR,BLS,25.821392620994512,27.856448100085778,0.0730550956022638,0,0.030434054004726933,24.49238440385391,0.5430699170999914,100,0.1,
Geo,Geo 500 5.txt,500,50,CGR,FLS,27.426932654626203,27.856448100085778,0.015418887717355922,0,0.9105057789990678,26.4262737820941,0.5321456031522274,100,0.1,
Geo,Geo 500 5.txt,500,50,CGR2,BLS,25.435952142458824,27.856448100085778,0.0868917655592818,0,0.020051552999066188,24.215014254642472,0.5239296255909787,100,,0.9
Geo,Geo 500 5.txt,500,50,CGR2,FLS,27.856448100085778,27.856448100085778,0.0,1,1.1319601069996132,26.525470451852286,0.547558997282617,100,,0.9
Geo,Geo 500 6.txt,500,50,CGR,BLS,25.63858595759193,27.49980218227769,0.06768107684371734,0,0.05599239600182045,24.45928289272898,0.5429749397872005,100,0.1,
Geo,Geo 500 6.txt,500,50,CGR,FLS,27.49980218227769,27.49980218227769,0.0,1,1.3071656429994618,26.507574188472596,0.49018122888662596,100,0.1,
Geo,Geo 500 6.txt,500,50,CGR2,BLS,25.635012143549705,27.49980218227769,0.06781103465281484,0,0.02628326500125695,24.4056466219797,0.5273934613910086,100,,0.9
Geo,Geo 500 6.txt,500,50,CGR2,FLS,27.421366553646333,27.49980218227769,0.002852225194619962,0,1.124866144003463,26.410010212057077,0.5595506561704274,100,,0.9
Geo,Geo 500 7.txt,500,50,CGR,BLS,128.26900719939155,132.0144678052656,0.028371591903085823,0,0.10152340199798346,126.11719404452916,1.2201680060337394,100,0.1,
Geo,Geo 500 7.txt,500,50,CGR,FLS,132.0144678052656,132.0144678052656,0.0,1,0.9566450060001808,129.45792065797562,0.9229156691207204,100,0.1,
Geo,Geo 500 7.txt,500,50,CGR2,BLS,129.77726484760322,132.0144678052656,0.016946649824491098,0,0.021341976998955944,126.42214767318461,1.21853014309417,100,,0.9
Geo,Geo 500 7.txt,500,50,CGR2,FLS,130.4731193008019,132.0144678052656,0.011675602909957975,0,0.7394048129982548,129.179428186366,0.8750094438014855,100,,0.9
Geo,Geo 500 8.txt,500,50,CGR,BLS,109.94195799162893,112.7545734770382,0.024944580061597714,0,0.07964507800177671,106.67668110158374,1.0909343057749552,100,0.1,
Geo,Geo 500 8.txt,500,50,CGR,FLS,112.7545734770382,112.7545734770382,0.0,1,1.0663156140001957,110.33144383370595,1.1316288919346014,100,0.1,
Geo,Geo 500 8.txt,500,50,CGR2,BLS,111.09069311913318,112.7545734770382,0.01475665515460327,0,0.023094165000948123,106.81753077733072,1.024958543329432,100,,0.9
Geo,Geo 500 8.txt,500,50,CGR2,FLS,112.67615058920862,112.7545734770382,0.0006955184646728279,0,1.38434396199591,110.16160503425077,1.2149935389600097,100,,0.9
Geo,Geo 500 9.txt,500,50,CGR,BLS,165.53240032141258,168.28137266962855,0.016335571219832975,0,0.03499778600235004,162.51236534428938,1.3461641469393046,100,0.1,
Geo,Geo 500 9.txt,500,50,CGR,FLS,168.28137266962855,168.28137266962855,0.0,1,0.8510599379992345,166.6738208179737,0.7970223354526771,100,0.1,
Geo,Geo 500 9.txt,500,50,CGR2,BLS,166.69986145941942,168.28137266962855,0.009398017053937191,0,0.021033493002178147,162.89288447707858,1.4667886970235369,100,,0.9
Geo,Geo 500 9.txt,500,50,CGR2,FLS,168.12088985396983,168.28137266962855,0.0009536576337167503,0,0.8434473050048109,166.54176495257963,0.9461503904814371,100,,0.9
Geo,Geo 500 10.txt,500,50,CGR,BLS,156.7497159357045,159.33990761410894,0.016255762396181317,0,0.03300745000073221,154.1562686876935,1.1322603432731582,100,0.1,
Geo,Geo 500 10.txt,500,50,CGR,FLS,159.19404919640712,159.33990761410894,0.0009153916296666758,0,0.8417379069968592,157.3108605665312,0.9325896326186798,100,0.1,
Geo,Geo 500 10.txt,500,50,CGR2,BLS,156.85993468671228,159.33990761410894,0.015564041454088724,0,0.018094285001861863,154.15952128092474,1.166825363496684,100,,0.9
Geo,Geo 500 10.txt,500,50,CGR2,FLS,159.33990761410894,159.33990761410894,0.0,1,0.7871640620031394,157.1342580006492,1.0386371672027723,100,,0.9
Geo,Geo 500 11.txt,500,150,CGR,BLS,91.93055572195256,93.36030253724635,0.015314290725690346,0,0.146248687999323,90.59319659248803,0.5668620265647653,100,0.1,
Geo,Geo 500 11.txt,500,150,CGR,FLS,92.95331225397334,93.36030253724635,0.00435935051849953,0,4.878816409000429,92.20955929632265,0.45620655594235593,100,0.1,
Geo,Geo 500 11.txt,500,150,CGR2,BLS,91.90083088457206,93.36030253724635,0.0156326791260347,0,0.0399642210023012,90.48616987238367,0.495969040858426,100,,0.9
Geo,Geo 500 11.txt,500,150,CGR2,FLS,93.36030253724635,93.36030253724635,0.0,1,5.154986880998476,92.22828998873565,0.4265506049192427,100,,0.9
Geo,Geo 500 12.txt,500,150,CGR,BLS,68.78665202791393,71.03421539940817,0.031640574318400415,0,0.10213408299488946,67.37684554546311,0.5096765639701895,100,0.1,
Geo,Geo 500 12.txt,500,150,CGR,FLS,71.02497511132272,71.03421539940817,0.00013008221507754882,0,5.168431350996834,69.72999598472967,0.562672755459818,100,0.1,
Geo,Geo 500 12.txt,500,150,CGR2,BLS,69.08210846343067,71.03421539940817,0.02748122049355051,0,0.04059035000333097,67.47494540766601,0.5468844955393454,100,,0.9
Geo,Geo 500 12.txt,500,150,CGR2,FLS,71.03421539940817,71.03421539940817,0.0,1,5.271158128001262,69.92037642434907,0.5163753832231006,100,,0.9
Geo,Geo 500 13.txt,500,150,CGR,BLS,131.82264095763267,133.80190908138158,0.014792525288597116,0,0.10192182100203354,130.89811276971682,0.49751272837723587,100,0.1,
Geo,Geo 500 13.txt,500,150,CGR,FLS,133.80190908138158,133.80190908138158,0.0,1,5.10395602900011,132.86637727949858,0.5085255600286964,100,0.1,
Geo,Geo 500 13.txt,500,150,CGR2,BLS,132.40802747065194,133.80190908138158,0.010417501665703764,0,0.03784689899883233,130.93772144077556,0.44925153078065055,100,,0.9
Geo,Geo 500 13.txt,500,150,CGR2,FLS,133.80190908138158,133.80190908138158,0.0,1,5.187776186999981,132.75243228753305,0.4865443128957847,100,,0.9
Geo,Geo 500 14.txt,500,150,CGR,BLS,108.82844601381616,110.78001446940605,0.017616611307889427,0,0.12887616299733054,107.74677473946824,0.45090803663946777,100,0.1,
Geo,Geo 500 14.txt,500,150,CGR,FLS,110.78001446940605,110.78001446940605,0.0,1,7.762997063999064,109.64071521244261,0.5614477839801869,100,0.1,
Geo,Geo 500 14.txt,500,150,CGR2,BLS,108.82929608476068,110.78001446940605,0.017608937803344455,0,0.06858146700018551,107.82715436097135,0.485417097517239,100,,0.9
Geo,Geo 500 14.txt,500,150,CGR2,FLS,110.75800097834744,110.78001446940605,0.00019871356005910992,0,4.908187888998655,109.65111764162857,0.6512625407454229,100,,0.9
Geo,Geo 500 15.txt,500,150,CGR,BLS,34.293944051154774,35.34802589666051,0.029820105048789125,0,0.08162278500094544,33.41134537893694,0.3911436922297557,100,0.1,
Geo,Geo 500 15.txt,500,150,CGR,FLS,35.283967203972246,35.34802589666051,0.00181222829460231,0,4.935223639003234,34.780204636869854,0.2722965779446436,100,0.1,
Geo,Geo 500 15.txt,500,150,CGR2,BLS,34.12691881764971,35.34802589666051,0.03454526944674902,0,0.0418976190011017,33.38279575655844,0.3924901106882991,100,,0.9
Geo,Geo 500 15.txt,500,150,CGR2,FLS,35.34802589666051,35.34802589666051,0.0,1,5.038186567996163,34.745773331650746,0.29970551567498627,100,,0.9
Geo,Geo 500 16.txt,500,150,CGR,BLS,130.6963574276529,132.10299965011043,0.010648071778711837,0,0.09951930799637922,129.39612070971256,0.6556321123357097,100,0.1,
Geo,Geo 500 16.txt,500,150,CGR,FLS,132.10299965011043,132.10299965011043,0.0,1,4.507878800000181,131.11374097399542,0.41664978185879764,100,0.1,
Geo,Geo 500 16.txt,500,150,CGR2,BLS,130.6882178944748,132.10299965011043,0.01070968683060065,0,0.03876466400222853,129.30691200034522,0.5565446019553488,100,,0.9
Geo,Geo 500 16.txt,500,150,CGR2,FLS,131.97179398287253,132.10299965011043,0.0009932073275052047,0,4.062041683000279,131.02729730036407,0.3745636269733035,100,,0.9
Geo,Geo 500 17.txt,500,150,CGR,BLS,127.39465980568127,128.51528670338877,0.008719794558711795,0,0.09634103100048379,125.51896698193671,0.665468951789921,100,0.1,
Geo,Geo 500 17.txt,500,150,CGR,FLS,128.51528670338877,128.51528670338877,0.0,1,4.85477879899845,127.79439329900968,0.41681815847817294,100,0.1,
Geo,Geo 500 17.txt,500,150,CGR2,BLS,127.87340409424873,128.51528670338877,0.0049946012307586045,0,0.03765460000257008,125.64661936346454,0.8052576320682322,100,,0.9
Geo,Geo 500 17.txt,500,150,CGR2,FLS,128.3388626143567,128.51528670338877,0.0013727867988127952,0,4.082289785998292,127.63365236472521,0.5933825364708519,100,,0.9
Geo,Geo 500 18.txt,500,150,CGR,BLS,70.12016056171181,72.24899406310271,0.029465233793173153,0,0.09404443200095557,68.7993034134143,0.4610857004330164,100,0.1,
Geo,Geo 500 18.txt,500,150,CGR,FLS,72.24899406310271,72.24899406310271,0.0,1,5.064767910999362,71.0527697094572,0.4202748500658305,100,0.1,
Geo,Geo 500 18.txt,500,150,CGR2,BLS,70.12016056171181,72.24899406310271,0.029465233793173153,0,0.03935349799750838,68.87687719823423,0.4218151527667405,100,,0.9
Geo,Geo 500 18.txt,500,150,CGR2,FLS,71.52977900606355,72.24899406310271,0.0099546722603639,0,4.4730689840012925,70.89272478262204,0.4090029805989204,100,,0.9
Geo,Geo 500 19.txt,500,150,CGR,BLS,121.40032628103137,123.5247294430936,0.017198201296534103,0,0.09678867299691774,120.07353325704037,0.4500297299868142,100,0.1,
Geo,Geo 500 19.txt,500,150,CGR,FLS,123.45807555900646,123.5247294430936,0.0005395995149121294,0,4.892446871999418,122.56077412808968,0.7033419514118601,100,0.1,
Geo,Geo 500 19.txt,500,150,CGR2,BLS,121.0450513817505,123.5247294430936,0.020074345214295464,0,0.03819035599881317,120.1501385139898,0.3882123959264188,100,,0.9
Geo,Geo 500 19.txt,500,150,CGR2,FLS,123.5247294430936,123.5247294430936,0.0,1,4.851685295996139,122.4518337216472,0.7025056663367673,100,,0.9
Geo,Geo 500 20.txt,500,150,CGR,BLS,120.45820405226749,122.7822216570845,0.01892796508689758,0,0.08205441000172868,118.95723602756385,0.5764266962424105,100,0.1,
Geo,Geo 500 20.txt,500,150,CGR,FLS,122.7822216570845,122.7822216570845,0.0,1,4.7210534409986575,121.3899777357979,0.6368371316897402,100,0.1,
Geo,Geo 500 20.txt,500,150,CGR2,BLS,120.28116060624701,122.7822216570845,0.020369895715217187,0,0.038826158000156284,118.98037871133704,0.6090456708975743,100,,0.9
Geo,Geo 500 20.txt,500,150,CGR2,FLS,122.4206062657297,122.7822216570845,0.002945177131301225,0,4.17112194999936,121.03140645724974,0.6239307265473162,100,,0.9
Ran,Ran 100 1.txt,100,10,CGR,BLS,73.0,73.0,0.0,1,0.0004494099994190037,66.88,2.0013995103427002,100,0.1,
Ran,Ran 100 1.txt,100,10,CGR,FLS,73.0,73.0,0.0,1,0.0027540569991106167,68.96,1.8916659324521337,100,0.1,
Ran,Ran 100 1.txt,100,10,CGR2,BLS,72.0,73.0,0.0136986301369863,0,0.0006328379991464316,66.79,1.8455080601287006,100,,0.9
Ran,Ran 100 1.txt,100,10,CGR2,FLS,73.0,73.0,0.0,1,0.0026845739991404115,68.78,2.1567568244936655,100,,0.9
Ran,Ran 100 2.txt,100,10,CGR,BLS,72.0,75.0,0.04,0,0.0005097749963169917,67.47,1.8245821439441963,100,0.1,
Ran,Ran 100 2.txt,100,10,CGR,FLS,75.0,75.0,0.0,1,0.0033954109967453405,69.35,1.7571283390805579,100,0.1,
Ran,Ran 100 2.txt,100,10,CGR2,BLS,73.0,75.0,0.02666666666666667,0,0.0006460669980151579,66.78,1.9978988963408533,100,,0.9
Ran,Ran 100 2.txt,100,10,CGR2,FLS,75.0,75.0,0.0,1,0.002939867996610701,69.43,1.9196614284815956,100,,0.9
Ran,Ran 100 3.txt,100,10,CGR,BLS,74.0,74.0,0.0,1,0.0005164379993220791,66.94,1.9637718808456344,100,0.1,
Ran,Ran 100 3.txt,100,10,CGR,FLS,73.0,74.0,0.013513513513513514,0,0.0027736399992136286,68.61,2.053752662810203,100,0.1,
Ran,Ran 100 3.txt,100,10,CGR2,BLS,73.0,74.0,0.013513513513513514,0,0.0006927179987542331,67.2,2.1400934559032696,100,,0.9
Ran,Ran 100 3.txt,100,10,CGR2,FLS,74.0,74.0,0.0,1,0.003037319997092709,69.23,2.1533926720410284,100,,0.9
Ran,Ran 100 4.txt,100,10,CGR,BLS,72.0,73.0,0.0136986301369863,0,0.0006294240010902286,66.92,1.9983993594874874,100,0.1,
Ran,Ran 100 4.txt,100,10,CGR,FLS,73.0,73.0,0.0,1,0.0031839130027219655,68.52,1.9103926298015286,100,0.1,
Ran,Ran 100 4.txt,100,10,CGR2,BLS,72.0,73.0,0.0136986301369863,0,0.0006407289998605848,66.52,2.5356655930938525,100,,0.9
Ran,Ran 100 4.txt,100,10,CGR2,FLS,73.0,73.0,0.0,1,0.0030326070007868113,68.51,1.9672061406980206,100,,0.9
Ran,Ran 100 5.txt,100,10,CGR,BLS,74.0,74.0,0.0,1,0.0006519830005709082,67.29,1.961096631989357,100,0.1,
Ran,Ran 100 5.txt,100,10,CGR,FLS,74.0,74.0,0.0,1,0.0029542600008426235,68.77,1.9227844392963034,100,0.1,
Ran,Ran 100 5.txt,100,10,CGR2,BLS,72.0,74.0,0.02702702702702703,0,0.0006285400001797825,67.27,2.176487996750729,100,,0.9
Ran,Ran 100 5.txt,100,10,CGR2,FLS,74.0,74.0,0.0,1,0.0026421190018299967,69.11,1.9743100060527474,100,,0.9
Ran,Ran 100 6.txt,100,10,CGR,BLS,72.0,74.0,0.02702702702702703,0,0.0005160140001680702,66.7,2.0518284528683193,100,0.1,
Ran,Ran 100 6.txt,100,10,CGR,FLS,74.0,74.0,0.0,1,0.0031195669999578967,69.02,2.4247886505837988,100,0.1,
Ran,Ran 100 6.txt,100,10,CGR2,BLS,74.0,74.0,0.0,1,0.0006515060010133311,66.57,2.4950150300148493,100,,0.9
Ran,Ran 100 6.txt,100,10,CGR2,FLS,74.0,74.0,0.0,1,0.0031552379968343303,69.23,2.6452032058048016,100,,0.9
Ran,Ran 100 7.txt,100,10,CGR,BLS,73.0,75.0,0.02666666666666667,0,0.0005097550025675446,66.58,2.3502340308999017,100,0.1,
Ran,Ran 100 7.txt,100,10,CGR,FLS,75.0,75.0,0.0,1,0.0033058819989673794,68.61,2.092343184088117,100,0.1,
Ran,Ran 100 7.txt,100,10,CGR2,BLS,71.0,75.0,0.05333333333333334,0,0.0006545940024079755,66.57,2.1506045661627335,100,,0.9
Ran,Ran 100 7.txt,100,10,CGR2,FLS,73.0,75.0,0.02666666666666667,0,0.0032698400010121986,68.53,2.2066037251849275,100,,0.9
Ran,Ran 100 8.txt,100,10,CGR,BLS,73.0,74.0,0.013513513513513514,0,0.0004950240027392283,67.32,2.092271492899523,100,0.1,
Ran,Ran 100 8.txt,100,10,CGR,FLS,74.0,74.0,0.0,1,0.0028458670008694753,69.31,2.26139337577521,100,0.1,
Ran,Ran 100 8.txt,100,10,CGR2,BLS,72.0,74.0,0.02702702702702703,0,0.000616725999279879,67.47,2.3214435164354095,100,,0.9
Ran,Ran 100 8.txt,100,10,CGR2,FLS,74.0,74.0,0.0,1,0.0029283320013200865,69.38,1.8962067397834024,100,,0.9
Ran,Ran 100 9.txt,100,10,CGR,BLS,73.0,73.0,0.0,1,0.0006856220023473725,67.6,2.4041630560342617,100,0.1,
Ran,Ran 100 9.txt,100,10,CGR,FLS,73.0,73.0,0.0,1,0.0032820450031431393,69.62,2.0917934888511343,100,0.1,
Ran,Ran 100 9.txt,100,10,CGR2,BLS,72.0,73.0,0.0136986301369863,0,0.0006159820005996152,67.4,2.16794833886788,100,,0.9
Ran,Ran 100 9.txt,100,10,CGR2,FLS,73.0,73.0,0.0,1,0.002632626001141034,69.38,1.66,100,,0.9
Ran,Ran 100 10.txt,100,10,CGR,BLS,74.0,75.0,0.013333333333333334,0,0.0005501109984470531,67.63,2.347999148211089,100,0.1,
Ran,Ran 100 10.txt,100,10,CGR,FLS,74.0,75.0,0.013333333333333334,0,0.003407321000704542,69.47,1.8732591918898998,100,0.1,
Ran,Ran 100 10.txt,100,10,CGR2,BLS,74.0,75.0,0.013333333333333334,0,0.0006707629997981712,67.66,2.0986662431172802,100,,0.9
Ran,Ran 100 10.txt,100,10,CGR2,FLS,75.0,75.0,0.0,1,0.002760772000765428,69.09,2.0400735280866718,100,,0.9
Ran,Ran 100 11.txt,100,30,CGR,BLS,54.0,54.0,0.0,1,0.0013331830000970512,53.0,0.31622776601683794,100,0.1,
Ran,Ran 100 11.txt,100,30,CGR,FLS,54.0,54.0,0.0,1,0.015389615002204664,53.33,0.4702127178203499,100,0.1,
Ran,Ran 100 11.txt,100,30,CGR2,BLS,54.0,54.0,0.0,1,0.0014404930005548521,52.82,0.4556314299957807,100,,0.9
Ran,Ran 100 11.txt,100,30,CGR2,FLS,54.0,54.0,0.0,1,0.014860581003013067,53.26,0.4608687448721165,100,,0.9
Ran,Ran 100 12.txt,100,30,CGR,BLS,54.0,55.0,0.01818181818181818,0,0.0013514959980966523,53.48,0.49959983987187184,100,0.1,
Ran,Ran 100 12.txt,100,30,CGR,FLS,55.0,55.0,0.0,1,0.015503541998914443,53.92,0.4621688003316537,100,0.1,
Ran,Ran 100 12.txt,100,30,CGR2,BLS,54.0,55.0,0.01818181818181818,0,0.0014361359993927182,53.36,0.48,100,,0.9
Ran,Ran 100 12.txt,100,30,CGR2,FLS,55.0,55.0,0.0,1,0.014536550999619067,53.84,0.4841487374764082,100,,0.9
Ran,Ran 100 13.txt,100,30,CGR,BLS,54.0,55.0,0.01818181818181818,0,0.001470707997214049,53.0,0.4472135954999579,100,0.1,
Ran,Ran 100 13.txt,100,30,CGR,FLS,55.0,55.0,0.0,1,0.01622032500046771,53.53,0.5736723803705387,100,0.1,
Ran,Ran 100 13.txt,100,30,CGR2,BLS,54.0,55.0,0.01818181818181818,0,0.0014826700038975105,52.94,0.4862098312457287,100,,0.9
Ran,Ran 100 13.txt,100,30,CGR2,FLS,54.0,55.0,0.01818181818181818,0,0.015414599999203346,53.54,0.5553377350765928,100,,0.9
Ran,Ran 100 14.txt,100,30,CGR,BLS,55.0,55.0,0.0,1,0.001261703001218848,53.39,0.5078385570237849,100,0.1,
Ran,Ran 100 14.txt,100,30,CGR,FLS,55.0,55.0,0.0,1,0.01639016899978742,53.87,0.4394314508543966,100,0.1,
Ran,Ran 100 14.txt,100,30,CGR2,BLS,55.0,55.0,0.0,1,0.0015306440024869517,53.33,0.4910193478876367,100,,0.9
Ran,Ran 100 14.txt,100,30,CGR2,FLS,55.0,55.0,0.0,1,0.01598252399940975,53.9,0.5744562646538028,100,,0.9
Ran,Ran 100 15.txt,100,30,CGR,BLS,55.0,55.0,0.0,1,0.001465678999084048,53.58,0.5688585061331157,100,0.1,
Ran,Ran 100 15.txt,100,30,CGR,FLS,55.0,55.0,0.0,1,0.018641794994473458,54.35,0.51720402163943,100,0.1,
Ran,Ran 100 15.txt,100,30,CGR2,BLS,55.0,55.0,0.0,1,0.0015606460015987977,53.32,0.5455272678794343,100,,0.9
Ran,Ran 100 15.txt,100,30,CGR2,FLS,55.0,55.0,0.0,1,0.017035318996058778,54.17,0.5301886456724625,100,,0.9
Ran,Ran 100 16.txt,100,30,CGR,BLS,54.0,55.0,0.01818181818181818,0,0.0011771589994896204,53.2,0.565685424949238,100,0.1,
Ran,Ran 100 16.txt,100,30,CGR,FLS,55.0,55.0,0.0,1,0.015402833004482091,53.79,0.5530822723609933,100,0.1,
Ran,Ran 100 16.txt,100,30,CGR2,BLS,54.0,55.0,0.01818181818181818,0,0.0013945980003336445,53.06,0.5624944444170094,100,,0.9
Ran,Ran 100 16.txt,100,30,CGR2,FLS,55.0,55.0,0.0,1,0.01472870099998545,53.66,0.5517245689653488,100,,0.9
Ran,Ran 100 17.txt,100,30,CGR,BLS,54.0,55.0,0.01818181818181818,0,0.0013233059976482764,53.05,0.2958039891549808,100,0.1,
Ran,Ran 100 17.txt,100,30,CGR,FLS,54.0,55.0,0.01818181818181818,0,0.015304520003846847,53.35,0.47696960070847283,100,0.1,
Ran,Ran 100 17.txt,100,30,CGR2,BLS,54.0,55.0,0.01818181818181818,0,0.0014577880036085844,53.12,0.354400902933387,100,,0.9
Ran,Ran 100 17.txt,100,30,CGR2,FLS,55.0,55.0,0.0,1,0.015090983998961747,53.43,0.5339475629684998,100,,0.9
Ran,Ran 100 18.txt,100,30,CGR,BLS,54.0,55.0,0.01818181818181818,0,0.0013187079993076624,53.11,0.42178193417926285,100,0.1,
Ran,Ran 100 18.txt,100,30,CGR,FLS,54.0,55.0,0.01818181818181818,0,0.014594312999979592,53.56,0.5161395160225576,100,0.1,
Ran,Ran 100 18.txt,100,30,CGR2,BLS,54.0,55.0,0.01818181818181818,0,0.0014908439968712628,53.14,0.4004996878900157,100,,0.9
Ran,Ran 100 18.txt,100,30,CGR2,FLS,55.0,55.0,0.0,1,0.0144781079958193,53.69,0.5038849074937649,100,,0.9
Ran,Ran 100 19.txt,100,30,CGR,BLS,55.0,55.0,0.0,1,0.001373214998166077,53.66,0.6036555309114627,100,0.1,
Ran,Ran 100 19.txt,100,30,CGR,FLS,55.0,55.0,0.0,1,0.01855687499977648,54.45,0.51720402163943,100,0.1,
Ran,Ran 100 19.txt,100,30,CGR2,BLS,55.0,55.0,0.0,1,0.0014156880002701654,53.72,0.5491812087098392,100,,0.9
Ran,Ran 100 19.txt,100,30,CGR2,FLS,55.0,55.0,0.0,1,0.016405918001546525,54.33,0.5301886456724625,100,,0.9
Ran,Ran 100 20.txt,100,30,CGR,BLS,54.0,55.0,0.01818181818181818,0,0.0012494960019830614,53.2,0.4242640687119285,100,0.1,
Ran,Ran 100 20.txt,100,30,CGR,FLS,55.0,55.0,0.0,1,0.017141533000976778,53.81,0.542125446737192,100,0.1,
Ran,Ran 100 20.txt,100,30,CGR2,BLS,54.0,55.0,0.01818181818181818,0,0.0014895620004972442,53.19,0.4624932431938871,100,,0.9
Ran,Ran 100 20.txt,100,30,CGR2,FLS,55.0,55.0,0.0,1,0.017429628999670967,53.74,0.5936328831862332,100,,0.9
Ran,Ran 250 1.txt,250,25,CGR,BLS,59.0,60.0,0.016666666666666666,0,0.0028866419999394564,56.81,0.7306846104852627,100,0.1,
Ran,Ran 250 1.txt,250,25,CGR,FLS,60.0,60.0,0.0,1,0.03990618400101084,58.0,0.7745966692414834,100,0.1,
Ran,Ran 250 1.txt,250,25,CGR2,BLS,59.0,60.0,0.016666666666666666,0,0.0028360000014072285,56.81,0.6884039511798287,100,,0.9
Ran,Ran 250 1.txt,250,25,CGR2,FLS,60.0,60.0,0.0,1,0.03637831400264986,57.8,0.7071067811865476,100,,0.9
Ran,Ran 250 2.txt,250,25,CGR,BLS,59.0,60.0,0.016666666666666666,0,0.002689010998001322,56.76,0.708801805866774,100,0.1,
Ran,Ran 250 2.txt,250,25,CGR,FLS,60.0,60.0,0.0,1,0.04037493399926461,57.85,0.8760707733967616,100,0.1,
Ran,Ran 250 2.txt,250,25,CGR2,BLS,59.0,60.0,0.016666666666666666,0,0.002879048000322655,56.77,0.7463913182774837,100,,0.9
Ran,Ran 250 2.txt,250,25,CGR2,FLS,60.0,60.0,0.0,1,0.03832823600212578,57.73,0.8106170489201421,100,,0.9
Ran,Ran 250 3.txt,250,25,CGR,BLS,59.0,60.0,0.016666666666666666,0,0.002460306000430137,56.87,0.6731270311018567,100,0.1,
Ran,Ran 250 3.txt,250,25,CGR,FLS,60.0,60.0,0.0,1,0.03761056900315452,58.03,0.8301204731844649,100,0.1,
Ran,Ran 250 3.txt,250,25,CGR2,BLS,59.0,60.0,0.016666666666666666,0,0.002932415002724156,57.06,0.8581375181169973,100,,0.9
Ran,Ran 250 3.txt,250,25,CGR2,FLS,60.0,60.0,0.0,1,0.037690603001392445,58.23,0.8349251463454673,100,,0.9
Ran,Ran 250 4.txt,250,25,CGR,BLS,59.0,60.0,0.016666666666666666,0,0.002447765997494571,56.89,0.7601973427998812,100,0.1,
Ran,Ran 250 4.txt,250,25,CGR,FLS,59.0,60.0,0.016666666666666666,0,0.036778985996497794,57.99,0.8061637550770935,100,0.1,
Ran,Ran 250 4.txt,250,25,CGR2,BLS,59.0,60.0,0.016666666666666666,0,0.002835664000012912,56.96,0.7605261336732617,100,,0.9
Ran,Ran 250 4.txt,250,25,CGR2,FLS,60.0,60.0,0.0,1,0.034618516000919045,57.93,0.7906326580656784,100,,0.9
Ran,Ran 250 5.txt,250,25,CGR,BLS,59.0,60.0,0.016666666666666666,0,0.002650415993412025,56.85,0.7123903424387503,100,0.1,
Ran,Ran 250 5.txt,250,25,CGR,FLS,60.0,60.0,0.0,1,0.03684066899702884,57.83,0.8724104538575864,100,0.1,
Ran,Ran 250 5.txt,250,25,CGR2,BLS,60.0,60.0,0.0,1,0.0030022810015361756,56.87,0.783007024234138,100,,0.9
Ran,Ran 250 5.txt,250,25,CGR2,FLS,60.0,60.0,0.0,1,0.03669171599438414,57.99,0.768049477572897,100,,0.9
Ran,Ran 250 6.txt,250,25,CGR,BLS,59.0,60.0,0.016666666666666666,0,0.002513541005901061,56.95,0.8046738469715541,100,0.1,
Ran,Ran 250 6.txt,250,25,CGR,FLS,60.0,60.0,0.0,1,0.039015833999728786,58.06,0.8464041587799531,100,0.1,
Ran,Ran 250 6.txt,250,25,CGR2,BLS,59.0,60.0,0.016666666666666666,0,0.002922333001624793,56.8,0.6782329983125268,100,,0.9
Ran,Ran 250 6.txt,250,25,CGR2,FLS,60.0,60.0,0.0,1,0.037551985999452885,57.95,0.9205976319760985,100,,0.9
Ran,Ran 250 7.txt,250,25,CGR,BLS,59.0,59.0,0.0,1,0.0026379770040512087,56.74,0.7952358140828417,100,0.1,
Ran,Ran 250 7.txt,250,25,CGR,FLS,59.0,59.0,0.0,1,0.036527238003909585,57.83,0.8491760712596652,100,0.1,
Ran,Ran 250 7.txt,250,25,CGR2,BLS,58.0,59.0,0.01694915254237288,0,0.002995049998862669,56.69,0.7168681887209112,100,,0.9
Ran,Ran 250 7.txt,250,25,CGR2,FLS,59.0,59.0,0.0,1,0.03729295400087722,57.8,0.7745966692414834,100,,0.9
Ran,Ran 250 8.txt,250,25,CGR,BLS,58.0,60.0,0.03333333333333333,0,0.002585943999583833,56.62,0.8340263784797217,100,0.1,
Ran,Ran 250 8.txt,250,25,CGR,FLS,60.0,60.0,0.0,1,0.03831227900169324,57.69,0.8449260322655469,100,0.1,
Ran,Ran 250 8.txt,250,25,CGR2,BLS,58.0,60.0,0.03333333333333333,0,0.0030259820009814575,56.63,0.7437069315261221,100,,0.9
Ran,Ran 250 8.txt,250,25,CGR2,FLS,60.0,60.0,0.0,1,0.03681938899506349,57.68,0.7984985911070852,100,,0.9
Ran,Ran 250 9.txt,250,25,CGR,BLS,59.0,59.0,0.0,1,0.0025624610023805873,56.86,0.6636264009214823,100,0.1,
Ran,Ran 250 9.txt,250,25,CGR,FLS,59.0,59.0,0.0,1,0.03668851399619598,57.9,0.7937253933193772,100,0.1,
Ran,Ran 250 9.txt,250,25,CGR2,BLS,59.0,59.0,0.0,1,0.002892832999350503,56.93,0.7246378405796926,100,,0.9
Ran,Ran 250 9.txt,250,25,CGR2,FLS,59.0,59.0,0.0,1,0.03699289299431257,57.93,0.8155366331440912,100,,0.9
Ran,Ran 250 10.txt,250,25,CGR,BLS,59.0,60.0,0.016666666666666666,0,0.002519627997535281,56.86,0.7073895673530958,100,0.1,
Ran,Ran 250 10.txt,250,25,CGR,FLS,60.0,60.0,0.0,1,0.03768157499842346,57.81,0.7306846104852627,100,0.1,
Ran,Ran 250 10.txt,250,25,CGR2,BLS,58.0,60.0,0.03333333333333333,0,0.00300162400060799,56.71,0.637102817447859,100,,0.9
Ran,Ran 250 10.txt,250,25,CGR2,FLS,60.0,60.0,0.0,1,0.03471821000042837,57.72,0.8494704232638121,100,,0.9
Ran,Ran 250 11.txt,250,75,CGR,BLS,51.0,52.0,0.019230769230769232,0,0.0070134399959351865,51.0,0.0,100,0.1,
Ran,Ran 250 11.txt,250,75,CGR,FLS,52.0,52.0,0.0,1,0.288501089005149,51.01,0.099498743710662,100,0.1,
Ran,Ran 250 11.txt,250,75,CGR2,BLS,51.0,52.0,0.019230769230769232,0,0.008159910002723337,51.0,0.0,100,,0.9
Ran,Ran 250 11.txt,250,75,CGR2,FLS,51.0,52.0,0.019230769230769232,0,0.27805760500312315,51.0,0.0,100,,0.9
Ran,Ran 250 12.txt,250,75,CGR,BLS,51.0,51.0,0.0,1,0.007515089998487383,51.0,0.0,100,0.1,
Ran,Ran 250 12.txt,250,75,CGR,FLS,51.0,51.0,0.0,1,0.2852071049978258,51.0,0.0,100,0.1,
Ran,Ran 250 12.txt,250,75,CGR2,BLS,51.0,51.0,0.0,1,0.008347888001007959,51.0,0.0,100,,0.9
Ran,Ran 250 12.txt,250,75,CGR2,FLS,51.0,51.0,0.0,1,0.292096781997825,51.0,0.0,100,,0.9
Ran,Ran 250 13.txt,250,75,CGR,BLS,51.0,51.0,0.0,1,0.007360850002150983,51.0,0.0,100,0.1,
Ran,Ran 250 13.txt,250,75,CGR,FLS,51.0,51.0,0.0,1,0.2873092890018597,51.0,0.0,100,0.1,
Ran,Ran 250 13.txt,250,75,CGR2,BLS,51.0,51.0,0.0,1,0.008143397002131679,51.0,0.0,100,,0.9
Ran,Ran 250 13.txt,250,75,CGR2,FLS,51.0,51.0,0.0,1,0.26627286699658725,51.0,0.0,100,,0.9
Ran,Ran 250 14.txt,250,75,CGR,BLS,51.0,52.0,0.019230769230769232,0,0.0072702690021833405,51.0,0.0,100,0.1,
Ran,Ran 250 14.txt,250,75,CGR,FLS,51.0,52.0,0.019230769230769232,0,0.27045668500009923,51.0,0.0,100,0.1,
Ran,Ran 250 14.txt,250,75,CGR2,BLS,51.0,52.0,0.019230769230769232,0,0.008476675003767014,51.0,0.0,100,,0.9
Ran,Ran 250 14.txt,250,75,CGR2,FLS,52.0,52.0,0.0,1,0.27934165799641053,51.01,0.099498743710662,100,,0.9
Ran,Ran 250 15.txt,250,75,CGR,BLS,51.0,51.0,0.0,1,0.0070463710004696626,51.0,0.0,100,0.1,
Ran,Ran 250 15.txt,250,75,CGR,FLS,51.0,51.0,0.0,1,0.2636177389981458,51.0,0.0,100,0.1,
Ran,Ran 250 15.txt,250,75,CGR2,BLS,51.0,51.0,0.0,1,0.00787650799844414,51.0,0.0,100,,0.9
Ran,Ran 250 15.txt,250,75,CGR2,FLS,51.0,51.0,0.0,1,0.26250974099792074,51.0,0.0,100,,0.9
Ran,Ran 250 16.txt,250,75,CGR,BLS,51.0,51.0,0.0,1,0.006711645001196302,51.0,0.0,100,0.1,
Ran,Ran 250 16.txt,250,75,CGR,FLS,51.0,51.0,0.0,1,0.27894496799795887,51.0,0.0,100,0.1,
Ran,Ran 250 16.txt,250,75,CGR2,BLS,51.0,51.0,0.0,1,0.00798899999819696,51.0,0.0,100,,0.9
Ran,Ran 250 16.txt,250,75,CGR2,FLS,51.0,51.0,0.0,1,0.2711397660005605,51.0,0.0,100,,0.9
Ran,Ran 250 17.txt,250,75,CGR,BLS,51.0,51.0,0.0,1,0.007228797998395748,51.0,0.0,100,0.1,
Ran,Ran 250 17.txt,250,75,CGR,FLS,51.0,51.0,0.0,1,0.26833513600053266,51.0,0.0,100,0.1,
Ran,Ran 250 17.txt,250,75,CGR2,BLS,51.0,51.0,0.0,1,0.008281985003850422,51.0,0.0,100,,0.9
Ran,Ran 250 17.txt,250,75,CGR2,FLS,51.0,51.0,0.0,1,0.25863379099348094,51.0,0.0,100,,0.9
Ran,Ran 250 18.txt,250,75,CGR,BLS,51.0,51.0,0.0,1,0.0070718800014583395,51.0,0.0,100,0.1,
Ran,Ran 250 18.txt,250,75,CGR,FLS,51.0,51.0,0.0,1,0.28957488100219053,51.0,0.0,100,0.1,
Ran,Ran 250 18.txt,250,75,CGR2,BLS,51.0,51.0,0.0,1,0.008224249004852026,51.0,0.0,100,,0.9
Ran,Ran 250 18.txt,250,75,CGR2,FLS,51.0,51.0,0.0,1,0.2566021649976028,51.0,0.0,100,,0.9
Ran,Ran 250 19.txt,250,75,CGR,BLS,51.0,51.0,0.0,1,0.007920941994525492,51.0,0.0,100,0.1,
Ran,Ran 250 19.txt,250,75,CGR,FLS,51.0,51.0,0.0,1,0.2726972220011521,51.0,0.0,100,0.1,
Ran,Ran 250 19.txt,250,75,CGR2,BLS,51.0,51.0,0.0,1,0.008164680996560491,51.0,0.0,100,,0.9
Ran,Ran 250 19.txt,250,75,CGR2,FLS,51.0,51.0,0.0,1,0.25179774400196037,51.0,0.0,100,,0.9
Ran,Ran 250 20.txt,250,75,CGR,BLS,51.0,51.0,0.0,1,0.0072872760018799455,51.0,0.0,100,0.1,
Ran,Ran 250 20.txt,250,75,CGR,FLS,51.0,51.0,0.0,1,0.2810971459996654,51.0,0.0,100,0.1,
Ran,Ran 250 20.txt,250,75,CGR2,BLS,51.0,51.0,0.0,1,0.008271333000739105,51.0,0.0,100,,0.9
Ran,Ran 250 20.txt,250,75,CGR2,FLS,51.0,51.0,0.0,1,0.26960693900182375,51.0,0.0,100,,0.9
Ran,Ran 500 1.txt,500,50,CGR,BLS,54.0,55.0,0.01818181818181818,0,0.0102607080002781,53.1,0.33166247903553997,100,0.1,
Ran,Ran 500 1.txt,500,50,CGR,FLS,55.0,55.0,0.0,1,0.3386537570023211,53.72,0.4707440918375928,100,0.1,
Ran,Ran 500 1.txt,500,50,CGR2,BLS,54.0,55.0,0.01818181818181818,0,0.012560541002312676,53.13,0.33630343441600474,100,,0.9
Ran,Ran 500 1.txt,500,50,CGR2,FLS,54.0,55.0,0.01818181818181818,0,0.3220689530012896,53.79,0.40730823708832603,100,,0.9
Ran,Ran 500 2.txt,500,50,CGR,BLS,54.0,55.0,0.01818181818181818,0,0.010089026995701715,53.14,0.3746998799039039,100,0.1,
Ran,Ran 500 2.txt,500,50,CGR,FLS,54.0,55.0,0.01818181818181818,0,0.3464049320021877,53.79,0.40730823708832603,100,0.1,
Ran,Ran 500 2.txt,500,50,CGR2,BLS,54.0,55.0,0.01818181818181818,0,0.012547763997572474,53.14,0.34698703145794946,100,,0.9
Ran,Ran 500 2.txt,500,50,CGR2,FLS,55.0,55.0,0.0,1,0.35700640200288036,53.74,0.4608687448721165,100,,0.9
Ran,Ran 500 3.txt,500,50,CGR,BLS,54.0,54.0,0.0,1,0.010654607000178657,53.1,0.3,100,0.1,
Ran,Ran 500 3.txt,500,50,CGR,FLS,54.0,54.0,0.0,1,0.35350570300244727,53.71,0.4537620521815371,100,0.1,
Ran,Ran 500 3.txt,500,50,CGR2,BLS,54.0,54.0,0.0,1,0.012781455996446311,53.13,0.33630343441600474,100,,0.9
Ran,Ran 500 3.txt,500,50,CGR2,FLS,54.0,54.0,0.0,1,0.32689083299890626,53.63,0.5030904491242106,100,,0.9
Ran,Ran 500 4.txt,500,50,CGR,BLS,54.0,55.0,0.01818181818181818,0,0.010633384000975639,53.09,0.2861817604250837,100,0.1,
Ran,Ran 500 4.txt,500,50,CGR,FLS,54.0,55.0,0.01818181818181818,0,0.34321490400237964,53.75,0.4330127018922193,100,0.1,
Ran,Ran 500 4.txt,500,50,CGR2,BLS,54.0,55.0,0.01818181818181818,0,0.012894539999542758,53.14,0.34698703145794946,100,,0.9
Ran,Ran 500 4.txt,500,50,CGR2,FLS,55.0,55.0,0.0,1,0.3394796469970606,53.79,0.431161222746202,100,,0.9
Ran,Ran 500 5.txt,500,50,CGR,BLS,54.0,55.0,0.01818181818181818,0,0.010277264995966106,53.09,0.2861817604250837,100,0.1,
Ran,Ran 500 5.txt,500,50,CGR,FLS,55.0,55.0,0.0,1,0.3201925890031271,53.65,0.5361902647381804,100,0.1,
Ran,Ran 500 5.txt,500,50,CGR2,BLS,54.0,55.0,0.01818181818181818,0,0.012881196001544595,53.08,0.2712931993250107,100,,0.9
Ran,Ran 500 5.txt,500,50,CGR2,FLS,55.0,55.0,0.0,1,0.34417824299947825,53.73,0.4659399102888698,100,,0.9
Ran,Ran 500 6.txt,500,50,CGR,BLS,54.0,55.0,0.01818181818181818,0,0.010525636001839303,53.08,0.2712931993250107,100,0.1,
Ran,Ran 500 6.txt,500,50,CGR,FLS,55.0,55.0,0.0,1,0.357780015001772,53.76,0.4498888751680797,100,0.1,
Ran,Ran 500 6.txt,500,50,CGR2,BLS,54.0,55.0,0.01818181818181818,0,0.012502678001183085,53.19,0.3923009049186606,100,,0.9
Ran,Ran 500 6.txt,500,50,CGR2,FLS,55.0,55.0,0.0,1,0.3247540390054928,53.81,0.44034077712607994,100,,0.9
Ran,Ran 500 7.txt,500,50,CGR,BLS,54.0,54.0,0.0,1,0.010269196000299416,53.12,0.32496153618543844,100,0.1,
Ran,Ran 500 7.txt,500,50,CGR,FLS,54.0,54.0,0.0,1,0.31662324600212743,53.64,0.48,100,0.1,
Ran,Ran 500 7.txt,500,50,CGR2,BLS,54.0,54.0,0.0,1,0.012439059999305755,53.1,0.33166247903553997,100,,0.9
Ran,Ran 500 7.txt,500,50,CGR2,FLS,54.0,54.0,0.0,1,0.3377883520018077,53.7,0.458257569495584,100,,0.9
Ran,Ran 500 8.txt,500,50,CGR,BLS,54.0,54.0,0.0,1,0.00997564899851568,53.1,0.3,100,0.1,
Ran,Ran 500 8.txt,500,50,CGR,FLS,54.0,54.0,0.0,1,0.3475464710011147,53.65,0.47696960070847283,100,0.1,
Ran,Ran 500 8.txt,500,50,CGR2,BLS,54.0,54.0,0.0,1,0.012502798998029903,53.05,0.21794494717703367,100,,0.9
Ran,Ran 500 8.txt,500,50,CGR2,FLS,54.0,54.0,0.0,1,0.3403251749969786,53.62,0.4853864439804639,100,,0.9
Ran,Ran 500 9.txt,500,50,CGR,BLS,54.0,54.0,0.0,1,0.009891543000121602,53.08,0.3059411708155671,100,0.1,
Ran,Ran 500 9.txt,500,50,CGR,FLS,54.0,54.0,0.0,1,0.30436482099932616,53.74,0.4386342439892262,100,0.1,
Ran,Ran 500 9.txt,500,50,CGR2,BLS,54.0,54.0,0.0,1,0.01306319800147321,53.11,0.31288975694324034,100,,0.9
Ran,Ran 500 9.txt,500,50,CGR2,FLS,54.0,54.0,0.0,1,0.33058272999885957,53.73,0.4439594576084623,100,,0.9
Ran,Ran 500 10.txt,500,50,CGR,BLS,54.0,55.0,0.01818181818181818,0,0.010806016000569798,53.05,0.21794494717703367,100,0.1,
Ran,Ran 500 10.txt,500,50,CGR,FLS,54.0,55.0,0.01818181818181818,0,0.32746891500079073,53.64,0.48,100,0.1,
Ran,Ran 500 10.txt,500,50,CGR2,BLS,54.0,55.0,0.01818181818181818,0,0.012821610002429224,53.05,0.25980762113533157,100,,0.9
Ran,Ran 500 10.txt,500,50,CGR2,FLS,55.0,55.0,0.0,1,0.37020516900229267,53.73,0.4659399102888698,100,,0.9
Ran,Ran 500 11.txt,500,150,CGR,BLS,4.0,4.0,0.0,1,0.031059423997066914,3.02,0.14,100,0.1,
Ran,Ran 500 11.txt,500,150,CGR,FLS,4.0,4.0,0.0,1,3.8360993600008078,3.87,0.33630343441600474,100,0.1,
Ran,Ran 500 11.txt,500,150,CGR2,BLS,4.0,4.0,0.0,1,0.036927659998182205,3.01,0.099498743710662,100,,0.9
Ran,Ran 500 11.txt,500,150,CGR2,FLS,4.0,4.0,0.0,1,3.7583602589997462,3.86,0.34698703145794946,100,,0.9
Ran,Ran 500 12.txt,500,150,CGR,BLS,4.0,4.0,0.0,1,0.028901180999819188,3.06,0.23748684174075835,100,0.1,
Ran,Ran 500 12.txt,500,150,CGR,FLS,4.0,4.0,0.0,1,3.628251290996559,3.83,0.37563279941985894,100,0.1,
Ran,Ran 500 12.txt,500,150,CGR2,BLS,3.0,4.0,0.25,0,0.0382744590024231,3.0,0.0,100,,0.9
Ran,Ran 500 12.txt,500,150,CGR2,FLS,4.0,4.0,0.0,1,3.6671164990024407,3.85,0.3570714214271425,100,,0.9
Ran,Ran 500 13.txt,500,150,CGR,BLS,4.0,4.0,0.0,1,0.02783026000019163,3.02,0.14,100,0.1,
Ran,Ran 500 13.txt,500,150,CGR,FLS,4.0,4.0,0.0,1,3.7570595720002893,3.9,0.3,100,0.1,
Ran,Ran 500 13.txt,500,150,CGR2,BLS,4.0,4.0,0.0,1,0.03558013099827804,3.01,0.099498743710662,100,,0.9
Ran,Ran 500 13.txt,500,150,CGR2,FLS,4.0,4.0,0.0,1,3.506511848999653,3.85,0.3570714214271425,100,,0.9
Ran,Ran 500 14.txt,500,150,CGR,BLS,4.0,4.0,0.0,1,0.03016884699871298,3.04,0.19595917942265426,100,0.1,
Ran,Ran 500 14.txt,500,150,CGR,FLS,4.0,4.0,0.0,1,3.5941583450004693,3.89,0.31288975694324034,100,0.1,
Ran,Ran 500 14.txt,500,150,CGR2,BLS,4.0,4.0,0.0,1,0.03907188899989705,3.08,0.2712931993250107,100,,0.9
Ran,Ran 500 14.txt,500,150,CGR2,FLS,4.0,4.0,0.0,1,3.7381038859992985,3.91,0.2861817604250837,100,,0.9
Ran,Ran 500 15.txt,500,150,CGR,BLS,4.0,4.0,0.0,1,0.030091016002115792,3.05,0.21794494717703367,100,0.1,
Ran,Ran 500 15.txt,500,150,CGR,FLS,4.0,4.0,0.0,1,3.6436265779985115,3.78,0.4142463035441596,100,0.1,
Ran,Ran 500 15.txt,500,150,CGR2,BLS,4.0,4.0,0.0,1,0.03717393199796788,3.01,0.099498743710662,100,,0.9
Ran,Ran 500 15.txt,500,150,CGR2,FLS,4.0,4.0,0.0,1,3.5952361390000442,3.78,0.4142463035441596,100,,0.9
Ran,Ran 500 16.txt,500,150,CGR,BLS,4.0,5.0,0.2,0,0.030907697998336515,3.13,0.33630343441600474,100,0.1,
Ran,Ran 500 16.txt,500,150,CGR,FLS,4.0,5.0,0.2,0,3.8205959749990144,3.93,0.2551470164434615,100,0.1,
Ran,Ran 500 16.txt,500,150,CGR2,BLS,4.0,5.0,0.2,0,0.0376872660004301,3.08,0.2712931993250107,100,,0.9
Ran,Ran 500 16.txt,500,150,CGR2,FLS,5.0,5.0,0.0,1,3.7817108049994568,3.98,0.198997487421324,100,,0.9
Ran,Ran 500 17.txt,500,150,CGR,BLS,4.0,4.0,0.0,1,0.0315660960029345,3.07,0.2551470164434615,100,0.1,
Ran,Ran 500 17.txt,500,150,CGR,FLS,4.0,4.0,0.0,1,3.755683866996551,3.94,0.23748684174075835,100,0.1,
Ran,Ran 500 17.txt,500,150,CGR2,BLS,4.0,4.0,0.0,1,0.037221094001433815,3.07,0.2551470164434615,100,,0.9
Ran,Ran 500 17.txt,500,150,CGR2,FLS,4.0,4.0,0.0,1,3.6063149550015807,3.9,0.3,100,,0.9
Ran,Ran 500 18.txt,500,150,CGR,BLS,4.0,4.0,0.0,1,0.029083510997006668,3.08,0.2712931993250107,100,0.1,
Ran,Ran 500 18.txt,500,150,CGR,FLS,4.0,4.0,0.0,1,3.5611551420000613,3.95,0.21794494717703367,100,0.1,
Ran,Ran 500 18.txt,500,150,CGR2,BLS,4.0,4.0,0.0,1,0.03660645500232931,3.02,0.14,100,,0.9
Ran,Ran 500 18.txt,500,150,CGR2,FLS,4.0,4.0,0.0,1,3.887020395998261,3.96,0.19595917942265426,100,,0.9
Ran,Ran 500 19.txt,500,150,CGR,BLS,4.0,4.0,0.0,1,0.030178707999293692,3.06,0.23748684174075835,100,0.1,
Ran,Ran 500 19.txt,500,150,CGR,FLS,4.0,4.0,0.0,1,3.7622363130003214,3.9,0.3,100,0.1,
Ran,Ran 500 19.txt,500,150,CGR2,BLS,4.0,4.0,0.0,1,0.03780780600034632,3.05,0.21794494717703367,100,,0.9
Ran,Ran 500 19.txt,500,150,CGR2,FLS,4.0,4.0,0.0,1,3.778101292998763,3.93,0.2551470164434615,100,,0.9
Ran,Ran 500 20.txt,500,150,CGR,BLS,4.0,4.0,0.0,1,0.029232765000779183,3.11,0.31288975694324034,100,0.1,
Ran,Ran 500 20.txt,500,150,CGR,FLS,4.0,4.0,0.0,1,3.7258990309998627,3.97,0.1705872210923198,100,0.1,
Ran,Ran 500 20.txt,500,150,CGR2,BLS,4.0,4.0,0.0,1,0.03798924400121905,3.06,0.23748684174075835,100,,0.9
Ran,Ran 500 20.txt,500,150,CGR2,FLS,4.0,4.0,0.0,1,3.6374822300003142,3.96,0.19595917942265426,100,,0.9
